{
  "experiment": "E12_corrected_vs_M5",
  "field": "econ",
  "run": "third (canonical)",
  "seeds": [
    0,
    1,
    2,
    3,
    4,
    5,
    6,
    7,
    8,
    9
  ],
  "n_test": 495,
  "ceilings": {
    "M5_preregistered": 0.339,
    "M5_prime_val_symmetric": 0.3613,
    "maxM2M3_naive": 0.3559,
    "M3_prime_val_symmetric": 0.3694,
    "per_seed": {
      "M5_preregistered": [
        0.3416,
        0.316,
        0.3746,
        0.3372,
        0.3563,
        0.3382,
        0.315,
        0.3053,
        0.3221,
        0.3836
      ],
      "M5_prime_val_symmetric": [
        0.3613,
        0.3613,
        0.3613,
        0.3613,
        0.3613,
        0.3613,
        0.3613,
        0.3613,
        0.3613,
        0.3613
      ],
      "maxM2M3_naive": [
        0.343,
        0.343,
        0.3769,
        0.343,
        0.3794,
        0.3528,
        0.3486,
        0.343,
        0.3511,
        0.3778
      ],
      "M3_prime_val_symmetric": [
        0.3694,
        0.3694,
        0.3694,
        0.3694,
        0.3694,
        0.3694,
        0.3694,
        0.3694,
        0.3694,
        0.3694
      ]
    },
    "M5_prime_selected_iters": [
      16,
      16,
      16,
      16,
      16,
      16,
      16,
      16,
      16,
      16
    ],
    "M5_refit_vs_e1_stored_max_abs_dev": 0.0
  },
  "models": {
    "hgt": {
      "n_seeds": 10,
      "seed_mean_auc_pr": 0.3565,
      "seed_std_auc_pr": 0.0183,
      "delta_vs_M5": 0.0175,
      "p_raw_M5": 0.130859375,
      "p_adj_M5": 0.261719,
      "delta_vs_M5prime": -0.0048,
      "p_raw_M5prime": 0.4921875,
      "p_adj_M5prime": 0.492188,
      "secondary_delta_vs_maxM2M3": 0.0006,
      "secondary_p_raw_maxM2M3": 1.0,
      "secondary_p_adj_maxM2M3": 1.0,
      "bootstrap": {
        "level": "student",
        "n_boot": 2000,
        "seed_scope": "all 10 seeds; per-seed CIs listed, pooled CI = per-draw mean over seeds of the paired difference",
        "vs_M5": {
          "pooled_ci95": [
            -0.0376,
            0.0723
          ],
          "per_seed_ci95": [
            [
              -0.081,
              0.0818
            ],
            [
              -0.0095,
              0.1448
            ],
            [
              -0.1093,
              0.0706
            ],
            [
              -0.0301,
              0.1303
            ],
            [
              -0.0669,
              0.0681
            ],
            [
              -0.0441,
              0.103
            ],
            [
              -0.0564,
              0.1004
            ],
            [
              -0.0135,
              0.1291
            ],
            [
              -0.0538,
              0.0961
            ],
            [
              -0.1312,
              0.0316
            ]
          ]
        },
        "vs_M5prime": {
          "pooled_ci95": [
            -0.0724,
            0.0569
          ],
          "per_seed_ci95": [
            [
              -0.1068,
              0.0601
            ],
            [
              -0.0632,
              0.1011
            ],
            [
              -0.0868,
              0.0819
            ],
            [
              -0.0537,
              0.0946
            ],
            [
              -0.0784,
              0.0632
            ],
            [
              -0.0715,
              0.0761
            ],
            [
              -0.1011,
              0.0451
            ],
            [
              -0.0684,
              0.0719
            ],
            [
              -0.0972,
              0.0531
            ],
            [
              -0.0966,
              0.0403
            ]
          ]
        },
        "ci95": [
          -0.0724,
          0.0569
        ]
      },
      "gates_preregistered": {
        "seed_mean_gt_ceiling": true,
        "p_adj_lt_0.05": false,
        "student_ci_lower_gt_0": false
      },
      "gates_fair": {
        "seed_mean_gt_ceiling": false,
        "p_adj_lt_0.05": false,
        "student_ci_lower_gt_0": false
      },
      "exceeds_preregistered": false,
      "exceeds_fair": false
    },
    "hgt_tuned": {
      "n_seeds": 10,
      "seed_mean_auc_pr": 0.3484,
      "seed_std_auc_pr": 0.0191,
      "delta_vs_M5": 0.0094,
      "p_raw_M5": 0.556640625,
      "p_adj_M5": 0.742188,
      "delta_vs_M5prime": -0.0129,
      "p_raw_M5prime": 0.048828125,
      "p_adj_M5prime": 0.097656,
      "secondary_delta_vs_maxM2M3": -0.0075,
      "secondary_p_raw_maxM2M3": 0.431640625,
      "secondary_p_adj_maxM2M3": 0.575521,
      "bootstrap": {
        "level": "student",
        "n_boot": 2000,
        "seed_scope": "all 10 seeds; per-seed CIs listed, pooled CI = per-draw mean over seeds of the paired difference",
        "vs_M5": {
          "pooled_ci95": [
            -0.0424,
            0.0624
          ],
          "per_seed_ci95": [
            [
              -0.1135,
              0.0463
            ],
            [
              -0.0392,
              0.095
            ],
            [
              -0.1231,
              0.0539
            ],
            [
              -0.0313,
              0.1204
            ],
            [
              -0.0761,
              0.0633
            ],
            [
              -0.0366,
              0.1033
            ],
            [
              -0.0339,
              0.1269
            ],
            [
              -0.0402,
              0.101
            ],
            [
              -0.0511,
              0.0989
            ],
            [
              -0.115,
              0.0476
            ]
          ]
        },
        "vs_M5prime": {
          "pooled_ci95": [
            -0.0777,
            0.0437
          ],
          "per_seed_ci95": [
            [
              -0.1301,
              0.025
            ],
            [
              -0.0922,
              0.0542
            ],
            [
              -0.0993,
              0.0665
            ],
            [
              -0.0537,
              0.0861
            ],
            [
              -0.0842,
              0.0598
            ],
            [
              -0.0671,
              0.0778
            ],
            [
              -0.0783,
              0.074
            ],
            [
              -0.0981,
              0.0491
            ],
            [
              -0.0922,
              0.0567
            ],
            [
              -0.0841,
              0.0516
            ]
          ]
        },
        "ci95": [
          -0.0777,
          0.0437
        ]
      },
      "gates_preregistered": {
        "seed_mean_gt_ceiling": true,
        "p_adj_lt_0.05": false,
        "student_ci_lower_gt_0": false
      },
      "gates_fair": {
        "seed_mean_gt_ceiling": false,
        "p_adj_lt_0.05": false,
        "student_ci_lower_gt_0": false
      },
      "exceeds_preregistered": false,
      "exceeds_fair": false
    },
    "rgcn": {
      "n_seeds": 10,
      "seed_mean_auc_pr": 0.3405,
      "seed_std_auc_pr": 0.0076,
      "delta_vs_M5": 0.0015,
      "p_raw_M5": 1.0,
      "p_adj_M5": 1.0,
      "delta_vs_M5prime": -0.0208,
      "p_raw_M5prime": 0.001953125,
      "p_adj_M5prime": 0.007812,
      "secondary_delta_vs_maxM2M3": -0.0153,
      "secondary_p_raw_maxM2M3": 0.037109375,
      "secondary_p_adj_maxM2M3": 0.148438,
      "bootstrap": {
        "level": "student",
        "n_boot": 2000,
        "seed_scope": "all 10 seeds; per-seed CIs listed, pooled CI = per-draw mean over seeds of the paired difference",
        "vs_M5": {
          "pooled_ci95": [
            -0.0453,
            0.0519
          ],