{
  "experiment": "E14_self_persistence",
  "seeds": [
    0,
    1,
    2,
    3,
    4,
    5,
    6,
    7,
    8,
    9
  ],
  "n": 2697,
  "works_store": "C:\\Users\\lixin\\Desktop\\Economic Network\\suite_data\\econ\\build\\cache\\works_store.jsonl",
  "a_student_only_ladder": {
    "summary": {
      "M1_ref_logit_overlap": {
        "auc_pr": {
          "mean": 0.3461762837467925,
          "std": 0.0,
          "n_seeds": 1
        },
        "auc_roc": {
          "mean": 0.746926340985747,
          "std": 0.0,
          "n_seeds": 1
        },
        "f1": {
          "mean": 0.44089456869009586,
          "std": 0.0,
          "n_seeds": 1
        }
      },
      "M0_prior": {
        "auc_pr": {
          "mean": 0.18383838383838383,
          "std": 0.0,
          "n_seeds": 1
        },
        "auc_roc": {
          "mean": 0.5,
          "std": 0.0,
          "n_seeds": 1
        }
      },
      "M1s_typicality": {
        "auc_pr": {
          "mean": 0.26410358984722754,
          "std": 0.0,
          "n_seeds": 10
        },
        "auc_roc": {
          "mean": 0.5952698291807204,
          "std": 1.1702778228589004e-16,
          "n_seeds": 10
        },
        "f1": {
          "mean": 0.31058020477815695,
          "std": 0.0,
          "n_seeds": 10
        }
      },
      "M1s_scalars": {
        "auc_pr": {
          "mean": 0.3166017001961146,
          "std": 5.851389114294502e-17,
          "n_seeds": 10
        },
        "auc_roc": {
          "mean": 0.6631079316722881,
          "std": 0.0,
          "n_seeds": 10
        },
        "f1": {
          "mean": 0.3618090452261306,
          "std": 5.851389114294502e-17,
          "n_seeds": 10
        }
      },
      "M4s_tfidf": {
        "auc_pr": {
          "mean": 0.19894495158199368,
          "std": 0.0,
          "n_seeds": 10
        },
        "auc_roc": {
          "mean": 0.49216624959199223,
          "std": 5.851389114294502e-17,
          "n_seeds": 10
        },
        "f1": {
          "mean": 0.2804878048780487,
          "std": 5.851389114294502e-17,
          "n_seeds": 10
        }
      },
      "M3s_gbdt": {
        "auc_pr": {
          "mean": 0.27089375410488636,
          "std": 0.014245913534560109,
          "n_seeds": 10
        },
        "auc_roc": {
          "mean": 0.5935616363834186,
          "std": 0.011891702081432542,
          "n_seeds": 10
        },
        "f1": {
          "mean": 0.3156700883790507,
          "std": 0.014350902574878416,
          "n_seeds": 10
        }
      }
    },
    "per_seed": {
      "M1_ref_logit_overlap": [
        {
          "auc_pr": 0.3461762837467925,
          "auc_roc": 0.746926340985747,
          "base_rate": 0.18383838383838383,
          "f1": 0.44089456869009586,
          "threshold": 0.23255146158676226
        }
      ],
      "M0_prior": [
        {
          "auc_pr": 0.18383838383838383,
          "auc_roc": 0.5,
          "base_rate": 0.18383838383838383
        }
      ],
      "M1s_typicality": [
        {
          "auc_pr": 0.26410358984722754,
          "auc_roc": 0.5952698291807202,
          "base_rate": 0.18383838383838383,
          "f1": 0.31058020477815695,
          "threshold": 0.16873769088595658
        },
        {
          "auc_pr": 0.26410358984722754,
          "auc_roc": 0.5952698291807202,
          "base_rate": 0.18383838383838383,
          "f1": 0.31058020477815695,
          "threshold": 0.16873769088595658
        },
        {
          "auc_pr": 0.26410358984722754,
          "auc_roc": 0.5952698291807202,
          "base_rate": 0.18383838383838383,
          "f1": 0.31058020477815695,
          "threshold": 0.16873769088595658
        },
        {
          "auc_pr": 0.26410358984722754,
          "auc_roc": 0.5952698291807202,
          "base_rate": 0.18383838383838383,
          "f1": 0.31058020477815695,
          "threshold": 0.16873769088595658
        },
        {
          "auc_pr": 0.26410358984722754,
          "auc_roc": 0.5952698291807202,
          "base_rate": 0.18383838383838383,
          "f1": 0.31058020477815695,
          "threshold": 0.16873769088595658
        },
        {
          "auc_pr": 0.26410358984722754,
          "auc_roc": 0.5952698291807202,
          "base_rate": 0.18383838383838383,
          "f1": 0.31058020477815695,
          "threshold": 0.16873769088595658
        },
        {
          "auc_pr": 0.26410358984722754,
          "auc_roc": 0.5952698291807202,
          "base_rate": 0.18383838383838383,
          "f1": 0.31058020477815695,
          "threshold": 0.16873769088595658
        },
        {
          "auc_pr": 0.26410358984722754,
          "auc_roc": 0.5952698291807202,
          "base_rate": 0.18383838383838383,
          "f1": 0.31058020477815695,
          "threshold": 0.16873769088595658
        },
        {
          "auc_pr": 0.26410358984722754,
          "auc_roc": 0.5952698291807202,
          "base_rate": 0.18383838383838383,
          "f1": 0.31058020477815695,
          "threshold": 0.16873769088595658
        },
        {
          "auc_pr": 0.26410358984722754,
          "auc_roc": 0.5952698291807202,
          "base_rate": 0.18383838383838383,
          "f1": 0.31058020477815695,
          "threshold": 0.16873769088595658
        }
      ],
      "M1s_scalars": [
        {
          "auc_pr": 0.31660170019611455,
          "auc_roc": 0.6631079316722881,
          "base_rate": 0.18383838383838383,
          "f1": 0.36180904522613067,
          "threshold": 0.18358544748958694
        },
        {
          "auc_pr": 0.31660170019611455,
          "auc_roc": 0.6631079316722881,
          "base_rate": 0.18383838383838383,
          "f1": 0.36180904522613067,
          "threshold": 0.18358544748958694
        },
        {
          "auc_pr": 0.31660170019611455,
          "auc_roc": 0.6631079316722881,
          "base_rate": 0.18383838383838383,
          "f1": 0.36180904522613067,
          "threshold": 0.18358544748958694
        },
        {
          "auc_pr": 0.31660170019611455,
          "auc_roc": 0.6631079316722881,
          "base_rate": 0.18383838383838383,
          "f1": 0.36180904522613067,
          "threshold": 0.18358544748958694
        },
        {
          "auc_pr": 0.31660170019611455,
          "auc_roc": 0.6631079316722881,
          "base_rate": 0.18383838383838383,
          "f1": 0.36180904522613067,
          "threshold": 0.18358544748958694
        },
        {
          "auc_pr": 0.31660170019611455,
          "auc_roc": 0.6631079316722881,
          "base_rate": 0.18383838383838383,
          "f1": 0.36180904522613067,
          "threshold": 0.18358544748958694
        },
        {
          "auc_pr": 0.31660170019611455,
          "auc_roc": 0.6631079316722881,
          "base_rate": 0.18383838383838383,
          "f1": 0.36180904522613067,
          "threshold": 0.18358544748958694
        },
        {
          "auc_pr": 0.31660170019611455,
          "auc_roc": 0.6631079316722881,
          "base_rate": 0.18383838383838383,
          "f1": 0.36180904522613067,
          "threshold": 0.18358544748958694
        },
        {
          "auc_pr": 0.31660170019611455,
          "auc_roc": 0.6631079316722881,
          "base_rate": 0.18383838383838383,
          "f1": 0.36180904522613067,
          "threshold": 0.18358544748958694
        },
        {
          "auc_pr": 0.31660170019611455,
          "auc_roc": 0.6631079316722881,
          "base_rate": 0.18383838383838383,
          "f1": 0.36180904522613067,
          "threshold": 0.18358544748958694
        }
      ],
      "M4s_tfidf": [
        {
          "auc_pr": 0.19894495158199368,
          "auc_roc": 0.4921662495919922,
          "base_rate": 0.18383838383838383,
          "f1": 0.28048780487804875,
          "threshold": 0.015125696459517122
        },
        {
          "auc_pr": 0.19894495158199368,
          "auc_roc": 0.4921662495919922,
          "base_rate": 0.18383838383838383,