{
  "experiment": "E1_baselines",
  "split": "temporal",
  "seeds": [
    0,
    1,
    2,
    3,
    4,
    5,
    6,
    7,
    8,
    9
  ],
  "summary": {
    "M0_prior": {
      "auc_pr": {
        "mean": 0.18383838383838386,
        "std": 2.925694557147251e-17,
        "n_seeds": 10
      },
      "auc_roc": {
        "mean": 0.5,
        "std": 0.0,
        "n_seeds": 10
      }
    },
    "M1_logit_overlap": {
      "auc_pr": {
        "mean": 0.3461762837467925,
        "std": 0.0,
        "n_seeds": 10
      },
      "auc_roc": {
        "mean": 0.7469263409857468,
        "std": 1.1702778228589004e-16,
        "n_seeds": 10
      },
      "f1": {
        "mean": 0.44089456869009586,
        "std": 0.0,
        "n_seeds": 10
      },
      "auc_pr_ci95_seed0": [
        0.27794198450593083,
        0.43180808158543876
      ]
    },
    "M2_logit_tabular": {
      "auc_pr": {
        "mean": 0.3429991462621179,
        "std": 0.0,
        "n_seeds": 10
      },
      "auc_roc": {
        "mean": 0.7437982809269938,
        "std": 0.0,
        "n_seeds": 10
      },
      "f1": {
        "mean": 0.4404761904761905,
        "std": 5.851389114294502e-17,
        "n_seeds": 10
      },
      "auc_pr_ci95_seed0": [
        0.2760034803294521,
        0.44255165273473046
      ]
    },
    "M3_gbdt_tabular": {
      "auc_pr": {
        "mean": 0.35234848950696696,
        "std": 0.01936833385950246,
        "n_seeds": 10
      },
      "auc_roc": {
        "mean": 0.7035279077358286,
        "std": 0.015048018193540767,
        "n_seeds": 10
      },
      "f1": {
        "mean": 0.4002461707314563,
        "std": 0.02046606071752256,
        "n_seeds": 10
      },
      "auc_pr_ci95_seed0": [
        0.2540504023554347,
        0.4258135415013286
      ]
    },
    "M4_logit_tfidf": {
      "auc_pr": {
        "mean": 0.23915634995564763,
        "std": 2.925694557147251e-17,
        "n_seeds": 10
      },
      "auc_roc": {
        "mean": 0.5718093787400719,
        "std": 1.1702778228589004e-16,
        "n_seeds": 10
      },
      "f1": {
        "mean": 0.31651376146789,
        "std": 5.851389114294502e-17,
        "n_seeds": 10
      },
      "auc_pr_ci95_seed0": [
        0.1876230319350525,
        0.31782939952460765
      ]
    },
    "M5_gbdt_nfa": {
      "auc_pr": {
        "mean": 0.33898704798789814,
        "std": 0.026040498805754236,
        "n_seeds": 10
      },
      "auc_roc": {
        "mean": 0.7095963442498097,
        "std": 0.01761518085465262,
        "n_seeds": 10
      },
      "f1": {
        "mean": 0.41217382208592646,
        "std": 0.02266639877694004,
        "n_seeds": 10
      },
      "auc_pr_ci95_seed0": [
        0.269129189263579,
        0.43956104257539486
      ]
    }
  },
  "per_seed": {
    "M0_prior": [
      {
        "auc_pr": 0.18383838383838383,
        "auc_roc": 0.5,
        "base_rate": 0.18383838383838383
      },
      {
        "auc_pr": 0.18383838383838383,
        "auc_roc": 0.5,
        "base_rate": 0.18383838383838383
      },
      {
        "auc_pr": 0.18383838383838383,
        "auc_roc": 0.5,
        "base_rate": 0.18383838383838383
      },
      {
        "auc_pr": 0.18383838383838383,
        "auc_roc": 0.5,
        "base_rate": 0.18383838383838383
      },
      {
        "auc_pr": 0.18383838383838383,
        "auc_roc": 0.5,
        "base_rate": 0.18383838383838383
      },
      {
        "auc_pr": 0.18383838383838383,
        "auc_roc": 0.5,
        "base_rate": 0.18383838383838383
      },
      {
        "auc_pr": 0.18383838383838383,
        "auc_roc": 0.5,
        "base_rate": 0.18383838383838383
      },
      {
        "auc_pr": 0.18383838383838383,
        "auc_roc": 0.5,
        "base_rate": 0.18383838383838383
      },
      {
        "auc_pr": 0.18383838383838383,
        "auc_roc": 0.5,
        "base_rate": 0.18383838383838383
      },
      {
        "auc_pr": 0.18383838383838383,
        "auc_roc": 0.5,
        "base_rate": 0.18383838383838383
      }
    ],
    "M1_logit_overlap": [
      {
        "auc_pr": 0.3461762837467925,
        "auc_roc": 0.746926340985747,
        "base_rate": 0.18383838383838383,
        "f1": 0.44089456869009586,
        "threshold": 0.23255146158676226,
        "auc_pr_ci95": [
          0.27794198450593083,
          0.43180808158543876
        ]
      },
      {
        "auc_pr": 0.3461762837467925,
        "auc_roc": 0.746926340985747,
        "base_rate": 0.18383838383838383,
        "f1": 0.44089456869009586,
        "threshold": 0.23255146158676226
      },
      {
        "auc_pr": 0.3461762837467925,
        "auc_roc": 0.746926340985747,
        "base_rate": 0.18383838383838383,
        "f1": 0.44089456869009586,
        "threshold": 0.23255146158676226
      },
      {
        "auc_pr": 0.3461762837467925,
        "auc_roc": 0.746926340985747,
        "base_rate": 0.18383838383838383,
        "f1": 0.44089456869009586,
        "threshold": 0.23255146158676226
      },
      {
        "auc_pr": 0.3461762837467925,
        "auc_roc": 0.746926340985747,
        "base_rate": 0.18383838383838383,
        "f1": 0.44089456869009586,
        "threshold": 0.23255146158676226
      },
      {
        "auc_pr": 0.3461762837467925,
        "auc_roc": 0.746926340985747,
        "base_rate": 0.18383838383838383,
        "f1": 0.44089456869009586,
        "threshold": 0.23255146158676226
      },
      {
        "auc_pr": 0.3461762837467925,
        "auc_roc": 0.746926340985747,
        "base_rate": 0.18383838383838383,
        "f1": 0.44089456869009586,
        "threshold": 0.23255146158676226
      },
      {
        "auc_pr": 0.3461762837467925,
        "auc_roc": 0.746926340985747,
        "base_rate": 0.18383838383838383,
        "f1": 0.44089456869009586,
        "threshold": 0.23255146158676226
      },
      {
        "auc_pr": 0.3461762837467925,
        "auc_roc": 0.746926340985747,
        "base_rate": 0.18383838383838383,
        "f1": 0.44089456869009586,
        "threshold": 0.23255146158676226
      },
      {
        "auc_pr": 0.3461762837467925,
        "auc_roc": 0.746926340985747,
        "base_rate": 0.18383838383838383,
        "f1": 0.44089456869009586,
        "threshold": 0.23255146158676226
      }
    ],
    "M2_logit_tabular": [
      {
        "auc_pr": 0.3429991462621179,
        "auc_roc": 0.7437982809269938,
        "base_rate": 0.18383838383838383,
        "f1": 0.44047619047619047,
        "threshold": 0.20596200755884467,
        "auc_pr_ci95": [
          0.2760034803294521,
          0.44255165273473046
        ]
      },
      {
        "auc_pr": 0.3429991462621179,
        "auc_roc": 0.7437982809269938,
        "base_rate": 0.18383838383838383,
        "f1": 0.44047619047619047,
        "threshold": 0.20596200755884467
      },
      {
        "auc_pr": 0.3429991462621179,
        "auc_roc": 0.7437982809269938,
        "base_rate": 0.18383838383838383,
        "f1": 0.44047619047619047,
        "threshold": 0.20596200755884467
      },
      {
        "auc_pr": 0.3429991462621179,
        "auc_roc": 0.7437982809269938,
        "base_rate": 0.18383838383838383,
        "f1": 0.44047619047619047,
        "threshold": 0.20596200755884467
      },
      {
        "auc_pr": 0.3429991462621179,
        "auc_roc": 0.7437982809269938,
        "base_rate": 0.18383838383838383,
        "f1": 0.44047619047619047,
        "threshold": 0.20596200755884467
      },
      {
        "auc_pr": 0.3429991462621179,
        "auc_roc": 0.7437982809269938,
        "base_rate": 0.18383838383838383,
        "f1": 0.44047619047619047,
        "threshold": 0.20596200755884467
      },
      {
        "auc_pr": 0.3429991462621179,
        "auc_roc": 0.7437982809269938,
        "base_rate": 0.18383838383838383,
        "f1": 0.44047619047619047,
        "threshold": 0.20596200755884467
      },
      {
        "auc_pr": 0.3429991462621179,
        "auc_roc": 0.7437982809269938,
        "base_rate": 0.18383838383838383,