{
  "experiment": "E6_innovation_premium",
  "n": 2697,
  "primary_outcome": {
    "late_cite_pct_mean": {
      "1_raw": {
        "coef": -0.0012,
        "se": 0.0024,
        "p": 0.60921,
        "n": 2697,
        "r2": 0.0001
      },
      "2_controls": {
        "coef": -0.0018,
        "se": 0.0027,
        "p": 0.49149,
        "n": 2697,
        "r2": 0.0046
      },
      "3_controls_FE": {
        "coef": 0.0006,
        "se": 0.0026,
        "p": 0.8223,
        "n": 2697,
        "r2": 0.0825
      },
      "4_structural_FE": {
        "coef": 0.0086,
        "se": 0.0034,
        "p": 0.01181,
        "n": 2697,
        "r2": 0.0849
      }
    }
  },
  "legacy_outcome": {
    "h_index_full_career": {
      "1_raw": {
        "coef": 0.0325,
        "se": 0.3767,
        "p": 0.93129,
        "n": 2697,
        "r2": 0.0
      },
      "2_controls": {
        "coef": -0.3918,
        "se": 0.3991,
        "p": 0.32626,
        "n": 2697,
        "r2": 0.1909
      },
      "3_controls_FE": {
        "coef": 0.3164,
        "se": 0.3198,
        "p": 0.32253,
        "n": 2697,
        "r2": 0.4652
      },
      "4_structural_FE": {
        "coef": 0.6672,
        "se": 0.3886,
        "p": 0.08601,
        "n": 2697,
        "r2": 0.4657
      }
    }
  },
  "nonlinearity": {
    "late_cite_pct_mean": {
      "(-8.064, -1.031]": {
        "mean": 0.5106,
        "sem": 0.0051,
        "n": 554
      },
      "(-1.031, -0.342]": {
        "mean": 0.5153,
        "sem": 0.005,
        "n": 559
      },
      "(-0.342, 0.272]": {
        "mean": 0.5128,
        "sem": 0.0043,
        "n": 712
      },
      "(0.272, 0.82]": {
        "mean": 0.5082,
        "sem": 0.0048,
        "n": 545
      },
      "(0.82, 1.313]": {
        "mean": 0.5011,
        "sem": 0.0073,
        "n": 327
      }
    }
  },
  "verdict": "raw correlation not robust to FE - report compositional explanation"
}