{
  "experiment": "E12_corrected_vs_M5",
  "field": "neuro",
  "run": "third (canonical)",
  "seeds": [
    0,
    1,
    2,
    3,
    4,
    5,
    6,
    7,
    8,
    9
  ],
  "n_test": 3463,
  "ceilings": {
    "M5_preregistered": 0.4231,
    "M5_prime_val_symmetric": 0.4249,
    "maxM2M3_naive": 0.4257,
    "M3_prime_val_symmetric": 0.4309,
    "per_seed": {
      "M5_preregistered": [
        0.4143,
        0.4246,
        0.4265,
        0.4273,
        0.4213,
        0.4128,
        0.4231,
        0.4314,
        0.4284,
        0.421
      ],
      "M5_prime_val_symmetric": [
        0.4249,
        0.4249,
        0.4249,
        0.4249,
        0.4249,
        0.4249,
        0.4249,
        0.4249,
        0.4249,
        0.4249
      ],
      "maxM2M3_naive": [
        0.425,
        0.4217,
        0.4271,
        0.431,
        0.4279,
        0.4116,
        0.4215,
        0.4335,
        0.4281,
        0.4299
      ],
      "M3_prime_val_symmetric": [
        0.4309,
        0.4309,
        0.4309,
        0.4309,
        0.4309,
        0.4309,
        0.4309,
        0.4309,
        0.4309,
        0.4309
      ]
    },
    "M5_prime_selected_iters": [
      26,
      26,
      26,
      26,
      26,
      26,
      26,
      26,
      26,
      26
    ],
    "M5_refit_vs_e1_stored_max_abs_dev": 0.0
  },
  "models": {
    "hgt": {
      "n_seeds": 10,
      "seed_mean_auc_pr": 0.4286,
      "seed_std_auc_pr": 0.0268,
      "delta_vs_M5": 0.0055,
      "p_raw_M5": 0.375,
      "p_adj_M5": 0.375,
      "delta_vs_M5prime": 0.0036,
      "p_raw_M5prime": 0.431640625,
      "p_adj_M5prime": 0.431641,
      "secondary_delta_vs_maxM2M3": 0.0028,
      "secondary_p_raw_maxM2M3": 0.431640625,
      "secondary_p_adj_maxM2M3": 0.431641,
      "bootstrap": {
        "level": "student",
        "n_boot": 2000,
        "seed_scope": "all 10 seeds; per-seed CIs listed, pooled CI = per-draw mean over seeds of the paired difference",
        "vs_M5": {
          "pooled_ci95": [
            -0.0125,
            0.0223
          ],
          "per_seed_ci95": [
            [
              0.0093,
              0.0526
            ],
            [
              -0.0822,
              -0.0409
            ],
            [
              -0.007,
              0.0412
            ],
            [
              -0.0119,
              0.0364
            ],
            [
              -0.0101,
              0.0368
            ],
            [
              -0.0011,
              0.0428
            ],
            [
              -0.0034,
              0.0412
            ],
            [
              -0.0122,
              0.0368
            ],
            [
              -0.0096,
              0.0362
            ],
            [
              -0.0443,
              -0.0033
            ]
          ]
        },
        "vs_M5prime": {
          "pooled_ci95": [
            -0.0155,
            0.0214
          ],
          "per_seed_ci95": [
            [
              -0.0008,
              0.0415
            ],
            [
              -0.0821,
              -0.0414
            ],
            [
              -0.0049,
              0.0408
            ],
            [
              -0.0082,
              0.0387
            ],
            [
              -0.0123,
              0.0336
            ],
            [
              -0.0125,
              0.0296
            ],
            [
              -0.005,
              0.0395
            ],
            [
              -0.0041,
              0.0432
            ],
            [
              -0.006,
              0.0385
            ],
            [
              -0.0477,
              -0.0072
            ]
          ]
        },
        "ci95": [
          -0.0155,
          0.0214
        ]
      },
      "gates_preregistered": {
        "seed_mean_gt_ceiling": true,
        "p_adj_lt_0.05": false,
        "student_ci_lower_gt_0": false
      },
      "gates_fair": {
        "seed_mean_gt_ceiling": true,
        "p_adj_lt_0.05": false,
        "student_ci_lower_gt_0": false
      },
      "exceeds_preregistered": false,
      "exceeds_fair": false
    },
    "hgt_tuned": {
      "n_seeds": 10,
      "seed_mean_auc_pr": 0.4329,
      "seed_std_auc_pr": 0.0206,
      "delta_vs_M5": 0.0099,
      "p_raw_M5": 0.322265625,
      "p_adj_M5": 0.375,
      "delta_vs_M5prime": 0.008,
      "p_raw_M5prime": 0.375,
      "p_adj_M5prime": 0.431641,
      "secondary_delta_vs_maxM2M3": 0.0072,
      "secondary_p_raw_maxM2M3": 0.375,
      "secondary_p_adj_maxM2M3": 0.431641,
      "bootstrap": {
        "level": "student",
        "n_boot": 2000,
        "seed_scope": "all 10 seeds; per-seed CIs listed, pooled CI = per-draw mean over seeds of the paired difference",
        "vs_M5": {
          "pooled_ci95": [
            -0.0086,
            0.0282
          ],
          "per_seed_ci95": [
            [
              0.0072,
              0.0541
            ],
            [
              -0.0062,
              0.0371
            ],
            [
              -0.0444,
              -0.0002
            ],
            [
              -0.0109,
              0.0386
            ],
            [
              -0.0042,
              0.0441
            ],
            [
              0.0013,
              0.0481
            ],
            [
              -0.0126,
              0.0364
            ],
            [
              -0.0039,
              0.0456
            ],
            [
              -0.0073,
              0.0367
            ],
            [
              -0.0602,
              -0.0102
            ]
          ]
        },
        "vs_M5prime": {
          "pooled_ci95": [
            -0.0116,
            0.0271
          ],
          "per_seed_ci95": [
            [
              -0.0043,
              0.0436
            ],
            [
              -0.0058,
              0.0371
            ],
            [
              -0.0415,
              -0.0002
            ],
            [
              -0.0065,
              0.0398
            ],
            [
              -0.0067,
              0.0405
            ],
            [
              -0.0089,
              0.0356
            ],
            [
              -0.0139,
              0.0348
            ],
            [
              0.0037,
              0.051
            ],
            [
              -0.0037,
              0.0403
            ],
            [
              -0.0629,
              -0.014
            ]
          ]
        },
        "ci95": [
          -0.0116,
          0.0271
        ]
      },
      "gates_preregistered": {
        "seed_mean_gt_ceiling": true,
        "p_adj_lt_0.05": false,
        "student_ci_lower_gt_0": false
      },
      "gates_fair": {
        "seed_mean_gt_ceiling": true,
        "p_adj_lt_0.05": false,
        "student_ci_lower_gt_0": false
      },
      "exceeds_preregistered": false,
      "exceeds_fair": false
    },
    "rgcn": {
      "n_seeds": 10,
      "seed_mean_auc_pr": 0.4354,
      "seed_std_auc_pr": 0.0037,
      "delta_vs_M5": 0.0123,
      "p_raw_M5": 0.001953125,
      "p_adj_M5": 0.007812,
      "delta_vs_M5prime": 0.0105,
      "p_raw_M5prime": 0.001953125,
      "p_adj_M5prime": 0.007812,
      "secondary_delta_vs_maxM2M3": 0.0096,
      "secondary_p_raw_maxM2M3": 0.00390625,
      "secondary_p_adj_maxM2M3": 0.015625,
      "bootstrap": {
        "level": "student",
        "n_boot": 2000,
        "seed_scope": "all 10 seeds; per-seed CIs listed, pooled CI = per-draw mean over seeds of the paired difference",
        "vs_M5": {
          "pooled_ci95": [
            -0.0051,
            0.0282
          ],