{
  "experiment": "E14_self_persistence",
  "seeds": [
    0,
    1,
    2,
    3,
    4,
    5,
    6,
    7,
    8,
    9
  ],
  "n": 21844,
  "works_store": "cache/works_store.jsonl",
  "a_student_only_ladder": {
    "summary": {
      "M1_ref_logit_overlap": {
        "auc_pr": {
          "mean": 0.3870508555490082,
          "std": 0.0,
          "n_seeds": 1
        },
        "auc_roc": {
          "mean": 0.6646469945804894,
          "std": 0.0,
          "n_seeds": 1
        },
        "f1": {
          "mean": 0.47437185929648246,
          "std": 0.0,
          "n_seeds": 1
        }
      },
      "M0_prior": {
        "auc_pr": {
          "mean": 0.26451053999422464,
          "std": 0.0,
          "n_seeds": 1
        },
        "auc_roc": {
          "mean": 0.5,
          "std": 0.0,
          "n_seeds": 1
        }
      },
      "M1s_typicality": {
        "auc_pr": {
          "mean": 0.28675794635425517,
          "std": 0.0,
          "n_seeds": 10
        },
        "auc_roc": {
          "mean": 0.5313829267414529,
          "std": 1.1702778228589004e-16,
          "n_seeds": 10
        },
        "f1": {
          "mean": 0.4183603562457182,
          "std": 5.851389114294502e-17,
          "n_seeds": 10
        }
      },
      "M1s_scalars": {
        "auc_pr": {
          "mean": 0.32566226929388586,
          "std": 0.0,
          "n_seeds": 10
        },
        "auc_roc": {
          "mean": 0.5767479678978437,
          "std": 0.0,
          "n_seeds": 10
        },
        "f1": {
          "mean": 0.4186556927297668,
          "std": 0.0,
          "n_seeds": 10
        }
      },
      "M4s_tfidf": {
        "auc_pr": {
          "mean": 0.29685766520819606,
          "std": 5.851389114294502e-17,
          "n_seeds": 10
        },
        "auc_roc": {
          "mean": 0.5460294069742124,
          "std": 0.0,
          "n_seeds": 10
        },
        "f1": {
          "mean": 0.4162609542356378,
          "std": 0.0,
          "n_seeds": 10
        }
      },
      "M3s_gbdt": {
        "auc_pr": {
          "mean": 0.3442120436958899,
          "std": 0.007795974817840143,
          "n_seeds": 10
        },
        "auc_roc": {
          "mean": 0.5996045951826192,
          "std": 0.005576327781058563,
          "n_seeds": 10
        },
        "f1": {
          "mean": 0.43177024651984813,
          "std": 0.004866024342254766,
          "n_seeds": 10
        }
      }
    },
    "per_seed": {
      "M1_ref_logit_overlap": [
        {
          "auc_pr": 0.3870508555490082,
          "auc_roc": 0.6646469945804894,
          "base_rate": 0.26451053999422464,
          "f1": 0.47437185929648246,
          "threshold": 0.23478035354018217
        }
      ],
      "M0_prior": [
        {
          "auc_pr": 0.26451053999422464,
          "auc_roc": 0.5,
          "base_rate": 0.26451053999422464
        }
      ],
      "M1s_typicality": [
        {
          "auc_pr": 0.28675794635425517,
          "auc_roc": 0.5313829267414528,
          "base_rate": 0.26451053999422464,
          "f1": 0.41836035624571816,
          "threshold": 0.19478595518246325
        },
        {
          "auc_pr": 0.28675794635425517,
          "auc_roc": 0.5313829267414528,
          "base_rate": 0.26451053999422464,
          "f1": 0.41836035624571816,
          "threshold": 0.19478595518246325
        },
        {
          "auc_pr": 0.28675794635425517,
          "auc_roc": 0.5313829267414528,
          "base_rate": 0.26451053999422464,
          "f1": 0.41836035624571816,
          "threshold": 0.19478595518246325
        },
        {
          "auc_pr": 0.28675794635425517,
          "auc_roc": 0.5313829267414528,
          "base_rate": 0.26451053999422464,
          "f1": 0.41836035624571816,
          "threshold": 0.19478595518246325
        },
        {
          "auc_pr": 0.28675794635425517,
          "auc_roc": 0.5313829267414528,
          "base_rate": 0.26451053999422464,
          "f1": 0.41836035624571816,
          "threshold": 0.19478595518246325
        },
        {
          "auc_pr": 0.28675794635425517,
          "auc_roc": 0.5313829267414528,
          "base_rate": 0.26451053999422464,
          "f1": 0.41836035624571816,
          "threshold": 0.19478595518246325
        },
        {
          "auc_pr": 0.28675794635425517,
          "auc_roc": 0.5313829267414528,
          "base_rate": 0.26451053999422464,
          "f1": 0.41836035624571816,
          "threshold": 0.19478595518246325
        },
        {
          "auc_pr": 0.28675794635425517,
          "auc_roc": 0.5313829267414528,
          "base_rate": 0.26451053999422464,
          "f1": 0.41836035624571816,
          "threshold": 0.19478595518246325
        },
        {
          "auc_pr": 0.28675794635425517,
          "auc_roc": 0.5313829267414528,
          "base_rate": 0.26451053999422464,
          "f1": 0.41836035624571816,
          "threshold": 0.19478595518246325
        },
        {
          "auc_pr": 0.28675794635425517,
          "auc_roc": 0.5313829267414528,
          "base_rate": 0.26451053999422464,
          "f1": 0.41836035624571816,
          "threshold": 0.19478595518246325
        }
      ],
      "M1s_scalars": [
        {
          "auc_pr": 0.32566226929388586,
          "auc_roc": 0.5767479678978437,
          "base_rate": 0.26451053999422464,
          "f1": 0.4186556927297668,
          "threshold": 0.20765169343697165
        },
        {
          "auc_pr": 0.32566226929388586,
          "auc_roc": 0.5767479678978437,
          "base_rate": 0.26451053999422464,
          "f1": 0.4186556927297668,
          "threshold": 0.20765169343697165
        },
        {
          "auc_pr": 0.32566226929388586,
          "auc_roc": 0.5767479678978437,
          "base_rate": 0.26451053999422464,
          "f1": 0.4186556927297668,
          "threshold": 0.20765169343697165
        },
        {
          "auc_pr": 0.32566226929388586,
          "auc_roc": 0.5767479678978437,
          "base_rate": 0.26451053999422464,
          "f1": 0.4186556927297668,
          "threshold": 0.20765169343697165
        },
        {
          "auc_pr": 0.32566226929388586,
          "auc_roc": 0.5767479678978437,
          "base_rate": 0.26451053999422464,
          "f1": 0.4186556927297668,
          "threshold": 0.20765169343697165
        },
        {
          "auc_pr": 0.32566226929388586,
          "auc_roc": 0.5767479678978437,
          "base_rate": 0.26451053999422464,
          "f1": 0.4186556927297668,
          "threshold": 0.20765169343697165
        },
        {
          "auc_pr": 0.32566226929388586,
          "auc_roc": 0.5767479678978437,
          "base_rate": 0.26451053999422464,
          "f1": 0.4186556927297668,
          "threshold": 0.20765169343697165
        },
        {
          "auc_pr": 0.32566226929388586,
          "auc_roc": 0.5767479678978437,
          "base_rate": 0.26451053999422464,
          "f1": 0.4186556927297668,
          "threshold": 0.20765169343697165
        },
        {
          "auc_pr": 0.32566226929388586,
          "auc_roc": 0.5767479678978437,
          "base_rate": 0.26451053999422464,
          "f1": 0.4186556927297668,
          "threshold": 0.20765169343697165
        },
        {
          "auc_pr": 0.32566226929388586,
          "auc_roc": 0.5767479678978437,
          "base_rate": 0.26451053999422464,
          "f1": 0.4186556927297668,
          "threshold": 0.20765169343697165
        }
      ],
      "M4s_tfidf": [
        {
          "auc_pr": 0.296857665208196,
          "auc_roc": 0.5460294069742124,
          "base_rate": 0.26451053999422464,
          "f1": 0.4162609542356378,
          "threshold": 0.0031778682826973
        },
        {
          "auc_pr": 0.296857665208196,
          "auc_roc": 0.5460294069742124,
          "base_rate": 0.26451053999422464,
          "f1": 0.4162609542356378,