{
  "experiment": "E1_baselines",
  "split": "temporal",
  "seeds": [
    0,
    1,
    2,
    3,
    4,
    5,
    6,
    7,
    8,
    9
  ],
  "summary": {
    "M0_prior": {
      "auc_pr": {
        "mean": 0.2645105399942246,
        "std": 5.851389114294502e-17,
        "n_seeds": 10
      },
      "auc_roc": {
        "mean": 0.5,
        "std": 0.0,
        "n_seeds": 10
      }
    },
    "M1_logit_overlap": {
      "auc_pr": {
        "mean": 0.38705085554900814,
        "std": 5.851389114294502e-17,
        "n_seeds": 10
      },
      "auc_roc": {
        "mean": 0.6646469945804894,
        "std": 0.0,
        "n_seeds": 10
      },
      "f1": {
        "mean": 0.4743718592964824,
        "std": 5.851389114294502e-17,
        "n_seeds": 10
      },
      "auc_pr_ci95_seed0": [
        0.3603782633059768,
        0.41497476329950933
      ]
    },
    "M2_logit_tabular": {
      "auc_pr": {
        "mean": 0.4096290530024457,
        "std": 5.851389114294502e-17,
        "n_seeds": 10
      },
      "auc_roc": {
        "mean": 0.6676919331416531,
        "std": 0.0,
        "n_seeds": 10
      },
      "f1": {
        "mean": 0.47253169419900115,
        "std": 0.0,
        "n_seeds": 10
      },
      "auc_pr_ci95_seed0": [
        0.3798642409982842,
        0.4404031436513084
      ]
    },
    "M3_gbdt_tabular": {
      "auc_pr": {
        "mean": 0.4257264014067542,
        "std": 0.006255800327591724,
        "n_seeds": 10
      },
      "auc_roc": {
        "mean": 0.6764392521041109,
        "std": 0.00297017299137961,
        "n_seeds": 10
      },
      "f1": {
        "mean": 0.4746189662854438,
        "std": 0.004376829481132318,
        "n_seeds": 10
      },
      "auc_pr_ci95_seed0": [
        0.3921490845552827,
        0.457395079293411
      ]
    },
    "M4_logit_tfidf": {
      "auc_pr": {
        "mean": 0.34145183830949766,
        "std": 5.851389114294502e-17,
        "n_seeds": 10
      },
      "auc_roc": {
        "mean": 0.6021983221977049,
        "std": 1.1702778228589004e-16,
        "n_seeds": 10
      },
      "f1": {
        "mean": 0.422360248447205,
        "std": 5.851389114294502e-17,
        "n_seeds": 10
      },
      "auc_pr_ci95_seed0": [
        0.31731086855672735,
        0.36839896140618034
      ]
    },
    "M5_gbdt_nfa": {
      "auc_pr": {
        "mean": 0.42305269119302114,
        "std": 0.005956382289021928,
        "n_seeds": 10
      },
      "auc_roc": {
        "mean": 0.6768845915136052,
        "std": 0.0033064761769288306,
        "n_seeds": 10
      },
      "f1": {
        "mean": 0.47369377077405417,
        "std": 0.009047485021208435,
        "n_seeds": 10
      },
      "auc_pr_ci95_seed0": [
        0.3811735584124877,
        0.4459083350349052
      ]
    }
  },
  "per_seed": {
    "M0_prior": [
      {
        "auc_pr": 0.26451053999422464,
        "auc_roc": 0.5,
        "base_rate": 0.26451053999422464
      },
      {
        "auc_pr": 0.26451053999422464,
        "auc_roc": 0.5,
        "base_rate": 0.26451053999422464
      },
      {
        "auc_pr": 0.26451053999422464,
        "auc_roc": 0.5,
        "base_rate": 0.26451053999422464
      },
      {
        "auc_pr": 0.26451053999422464,
        "auc_roc": 0.5,
        "base_rate": 0.26451053999422464
      },
      {
        "auc_pr": 0.26451053999422464,
        "auc_roc": 0.5,
        "base_rate": 0.26451053999422464
      },
      {
        "auc_pr": 0.26451053999422464,
        "auc_roc": 0.5,
        "base_rate": 0.26451053999422464
      },
      {
        "auc_pr": 0.26451053999422464,
        "auc_roc": 0.5,
        "base_rate": 0.26451053999422464
      },
      {
        "auc_pr": 0.26451053999422464,
        "auc_roc": 0.5,
        "base_rate": 0.26451053999422464
      },
      {
        "auc_pr": 0.26451053999422464,
        "auc_roc": 0.5,
        "base_rate": 0.26451053999422464
      },
      {
        "auc_pr": 0.26451053999422464,
        "auc_roc": 0.5,
        "base_rate": 0.26451053999422464
      }
    ],
    "M1_logit_overlap": [
      {
        "auc_pr": 0.3870508555490082,
        "auc_roc": 0.6646469945804894,
        "base_rate": 0.26451053999422464,
        "f1": 0.47437185929648246,
        "threshold": 0.23478035354018217,
        "auc_pr_ci95": [
          0.3603782633059768,
          0.41497476329950933
        ]
      },
      {
        "auc_pr": 0.3870508555490082,
        "auc_roc": 0.6646469945804894,
        "base_rate": 0.26451053999422464,
        "f1": 0.47437185929648246,
        "threshold": 0.23478035354018217
      },
      {
        "auc_pr": 0.3870508555490082,
        "auc_roc": 0.6646469945804894,
        "base_rate": 0.26451053999422464,
        "f1": 0.47437185929648246,
        "threshold": 0.23478035354018217
      },
      {
        "auc_pr": 0.3870508555490082,
        "auc_roc": 0.6646469945804894,
        "base_rate": 0.26451053999422464,
        "f1": 0.47437185929648246,
        "threshold": 0.23478035354018217
      },
      {
        "auc_pr": 0.3870508555490082,
        "auc_roc": 0.6646469945804894,
        "base_rate": 0.26451053999422464,
        "f1": 0.47437185929648246,
        "threshold": 0.23478035354018217
      },
      {
        "auc_pr": 0.3870508555490082,
        "auc_roc": 0.6646469945804894,
        "base_rate": 0.26451053999422464,
        "f1": 0.47437185929648246,
        "threshold": 0.23478035354018217
      },
      {
        "auc_pr": 0.3870508555490082,
        "auc_roc": 0.6646469945804894,
        "base_rate": 0.26451053999422464,
        "f1": 0.47437185929648246,
        "threshold": 0.23478035354018217
      },
      {
        "auc_pr": 0.3870508555490082,
        "auc_roc": 0.6646469945804894,
        "base_rate": 0.26451053999422464,
        "f1": 0.47437185929648246,
        "threshold": 0.23478035354018217
      },
      {
        "auc_pr": 0.3870508555490082,
        "auc_roc": 0.6646469945804894,
        "base_rate": 0.26451053999422464,
        "f1": 0.47437185929648246,
        "threshold": 0.23478035354018217
      },
      {
        "auc_pr": 0.3870508555490082,
        "auc_roc": 0.6646469945804894,
        "base_rate": 0.26451053999422464,
        "f1": 0.47437185929648246,
        "threshold": 0.23478035354018217
      }
    ],
    "M2_logit_tabular": [
      {
        "auc_pr": 0.40962905300244573,
        "auc_roc": 0.6676919331416531,
        "base_rate": 0.26451053999422464,
        "f1": 0.47253169419900115,
        "threshold": 0.253220448496879,
        "auc_pr_ci95": [
          0.3798642409982842,
          0.4404031436513084
        ]
      },
      {
        "auc_pr": 0.40962905300244573,
        "auc_roc": 0.6676919331416531,
        "base_rate": 0.26451053999422464,
        "f1": 0.47253169419900115,
        "threshold": 0.253220448496879
      },
      {
        "auc_pr": 0.40962905300244573,
        "auc_roc": 0.6676919331416531,
        "base_rate": 0.26451053999422464,
        "f1": 0.47253169419900115,
        "threshold": 0.253220448496879
      },
      {
        "auc_pr": 0.40962905300244573,
        "auc_roc": 0.6676919331416531,
        "base_rate": 0.26451053999422464,
        "f1": 0.47253169419900115,
        "threshold": 0.253220448496879
      },
      {
        "auc_pr": 0.40962905300244573,
        "auc_roc": 0.6676919331416531,
        "base_rate": 0.26451053999422464,
        "f1": 0.47253169419900115,
        "threshold": 0.253220448496879
      },
      {
        "auc_pr": 0.40962905300244573,
        "auc_roc": 0.6676919331416531,
        "base_rate": 0.26451053999422464,
        "f1": 0.47253169419900115,
        "threshold": 0.253220448496879
      },
      {
        "auc_pr": 0.40962905300244573,
        "auc_roc": 0.6676919331416531,
        "base_rate": 0.26451053999422464,
        "f1": 0.47253169419900115,
        "threshold": 0.253220448496879
      },
      {
        "auc_pr": 0.40962905300244573,
        "auc_roc": 0.6676919331416531,