{
  "experiment": "E14_self_persistence",
  "seeds": [
    0,
    1,
    2,
    3,
    4,
    5,
    6,
    7,
    8,
    9
  ],
  "n": 11809,
  "works_store": "C:\\Users\\lixin\\Desktop\\Economic Network\\suite_data\\physics\\build\\cache\\works_store.jsonl",
  "a_student_only_ladder": {
    "summary": {
      "M1_ref_logit_overlap": {
        "auc_pr": {
          "mean": 0.5460004830297147,
          "std": 0.0,
          "n_seeds": 1
        },
        "auc_roc": {
          "mean": 0.7123773756263738,
          "std": 0.0,
          "n_seeds": 1
        },
        "f1": {
          "mean": 0.5819601040763227,
          "std": 0.0,
          "n_seeds": 1
        }
      },
      "M0_prior": {
        "auc_pr": {
          "mean": 0.35888187556357076,
          "std": 0.0,
          "n_seeds": 1
        },
        "auc_roc": {
          "mean": 0.5,
          "std": 0.0,
          "n_seeds": 1
        }
      },
      "M1s_typicality": {
        "auc_pr": {
          "mean": 0.44869267984254996,
          "std": 5.851389114294502e-17,
          "n_seeds": 10
        },
        "auc_roc": {
          "mean": 0.6128740573472143,
          "std": 1.1702778228589004e-16,
          "n_seeds": 10
        },
        "f1": {
          "mean": 0.5332359386413439,
          "std": 1.1702778228589004e-16,
          "n_seeds": 10
        }
      },
      "M1s_scalars": {
        "auc_pr": {
          "mean": 0.556778316977576,
          "std": 0.0,
          "n_seeds": 10
        },
        "auc_roc": {
          "mean": 0.6823807857854673,
          "std": 1.1702778228589004e-16,
          "n_seeds": 10
        },
        "f1": {
          "mean": 0.5656652360515022,
          "std": 0.0,
          "n_seeds": 10
        }
      },
      "M4s_tfidf": {
        "auc_pr": {
          "mean": 0.4793248437259206,
          "std": 0.0,
          "n_seeds": 10
        },
        "auc_roc": {
          "mean": 0.6333045325078274,
          "std": 1.1702778228589004e-16,
          "n_seeds": 10
        },
        "f1": {
          "mean": 0.5378632828489562,
          "std": 0.0,
          "n_seeds": 10
        }
      },
      "M3s_gbdt": {
        "auc_pr": {
          "mean": 0.5910567542707835,
          "std": 0.005456313058065716,
          "n_seeds": 10
        },
        "auc_roc": {
          "mean": 0.7076990525765254,
          "std": 0.004368629260207525,
          "n_seeds": 10
        },
        "f1": {
          "mean": 0.5765578235250258,
          "std": 0.0047211220992102116,
          "n_seeds": 10
        }
      }
    },
    "per_seed": {
      "M1_ref_logit_overlap": [
        {
          "auc_pr": 0.5460004830297147,
          "auc_roc": 0.7123773756263738,
          "base_rate": 0.35888187556357076,
          "f1": 0.5819601040763227,
          "threshold": 0.26604956528011336
        }
      ],
      "M0_prior": [
        {
          "auc_pr": 0.35888187556357076,
          "auc_roc": 0.5,
          "base_rate": 0.35888187556357076
        }
      ],
      "M1s_typicality": [
        {
          "auc_pr": 0.44869267984255,
          "auc_roc": 0.6128740573472142,
          "base_rate": 0.35888187556357076,
          "f1": 0.533235938641344,
          "threshold": 0.2858301245186773
        },
        {
          "auc_pr": 0.44869267984255,
          "auc_roc": 0.6128740573472142,
          "base_rate": 0.35888187556357076,
          "f1": 0.533235938641344,
          "threshold": 0.2858301245186773
        },
        {
          "auc_pr": 0.44869267984255,
          "auc_roc": 0.6128740573472142,
          "base_rate": 0.35888187556357076,
          "f1": 0.533235938641344,
          "threshold": 0.2858301245186773
        },
        {
          "auc_pr": 0.44869267984255,
          "auc_roc": 0.6128740573472142,
          "base_rate": 0.35888187556357076,
          "f1": 0.533235938641344,
          "threshold": 0.2858301245186773
        },
        {
          "auc_pr": 0.44869267984255,
          "auc_roc": 0.6128740573472142,
          "base_rate": 0.35888187556357076,
          "f1": 0.533235938641344,
          "threshold": 0.2858301245186773
        },
        {
          "auc_pr": 0.44869267984255,
          "auc_roc": 0.6128740573472142,
          "base_rate": 0.35888187556357076,
          "f1": 0.533235938641344,
          "threshold": 0.2858301245186773
        },
        {
          "auc_pr": 0.44869267984255,
          "auc_roc": 0.6128740573472142,
          "base_rate": 0.35888187556357076,
          "f1": 0.533235938641344,
          "threshold": 0.2858301245186773
        },
        {
          "auc_pr": 0.44869267984255,
          "auc_roc": 0.6128740573472142,
          "base_rate": 0.35888187556357076,
          "f1": 0.533235938641344,
          "threshold": 0.2858301245186773
        },
        {
          "auc_pr": 0.44869267984255,
          "auc_roc": 0.6128740573472142,
          "base_rate": 0.35888187556357076,
          "f1": 0.533235938641344,
          "threshold": 0.2858301245186773
        },
        {
          "auc_pr": 0.44869267984255,
          "auc_roc": 0.6128740573472142,
          "base_rate": 0.35888187556357076,
          "f1": 0.533235938641344,
          "threshold": 0.2858301245186773
        }
      ],
      "M1s_scalars": [
        {
          "auc_pr": 0.556778316977576,
          "auc_roc": 0.6823807857854675,
          "base_rate": 0.35888187556357076,
          "f1": 0.5656652360515022,
          "threshold": 0.272412006170888
        },
        {
          "auc_pr": 0.556778316977576,
          "auc_roc": 0.6823807857854675,
          "base_rate": 0.35888187556357076,
          "f1": 0.5656652360515022,
          "threshold": 0.272412006170888
        },
        {
          "auc_pr": 0.556778316977576,
          "auc_roc": 0.6823807857854675,
          "base_rate": 0.35888187556357076,
          "f1": 0.5656652360515022,
          "threshold": 0.272412006170888
        },
        {
          "auc_pr": 0.556778316977576,
          "auc_roc": 0.6823807857854675,
          "base_rate": 0.35888187556357076,
          "f1": 0.5656652360515022,
          "threshold": 0.272412006170888
        },
        {
          "auc_pr": 0.556778316977576,
          "auc_roc": 0.6823807857854675,
          "base_rate": 0.35888187556357076,
          "f1": 0.5656652360515022,
          "threshold": 0.272412006170888
        },
        {
          "auc_pr": 0.556778316977576,
          "auc_roc": 0.6823807857854675,
          "base_rate": 0.35888187556357076,
          "f1": 0.5656652360515022,
          "threshold": 0.272412006170888
        },
        {
          "auc_pr": 0.556778316977576,
          "auc_roc": 0.6823807857854675,
          "base_rate": 0.35888187556357076,
          "f1": 0.5656652360515022,
          "threshold": 0.272412006170888
        },
        {
          "auc_pr": 0.556778316977576,
          "auc_roc": 0.6823807857854675,
          "base_rate": 0.35888187556357076,
          "f1": 0.5656652360515022,
          "threshold": 0.272412006170888
        },
        {
          "auc_pr": 0.556778316977576,
          "auc_roc": 0.6823807857854675,
          "base_rate": 0.35888187556357076,
          "f1": 0.5656652360515022,
          "threshold": 0.272412006170888
        },
        {
          "auc_pr": 0.556778316977576,
          "auc_roc": 0.6823807857854675,
          "base_rate": 0.35888187556357076,
          "f1": 0.5656652360515022,
          "threshold": 0.272412006170888
        }
      ],
      "M4s_tfidf": [
        {
          "auc_pr": 0.4793248437259206,
          "auc_roc": 0.6333045325078275,
          "base_rate": 0.35888187556357076,
          "f1": 0.5378632828489562,
          "threshold": 0.021299163035853018
        },
        {
          "auc_pr": 0.4793248437259206,
          "auc_roc": 0.6333045325078275,
          "base_rate": 0.35888187556357076,
          "f1": 0.5378632828489562,