{
  "experiment": "E1_baselines",
  "split": "temporal",
  "seeds": [
    0,
    1,
    2,
    3,
    4,
    5,
    6,
    7,
    8,
    9
  ],
  "summary": {
    "M0_prior": {
      "auc_pr": {
        "mean": 0.35888187556357076,
        "std": 0.0,
        "n_seeds": 10
      },
      "auc_roc": {
        "mean": 0.5,
        "std": 0.0,
        "n_seeds": 10
      }
    },
    "M1_logit_overlap": {
      "auc_pr": {
        "mean": 0.5460004830297148,
        "std": 1.1702778228589004e-16,
        "n_seeds": 10
      },
      "auc_roc": {
        "mean": 0.7123773756263738,
        "std": 0.0,
        "n_seeds": 10
      },
      "f1": {
        "mean": 0.5819601040763228,
        "std": 1.1702778228589004e-16,
        "n_seeds": 10
      },
      "auc_pr_ci95_seed0": [
        0.5123395980700384,
        0.5798538623537494
      ]
    },
    "M2_logit_tabular": {
      "auc_pr": {
        "mean": 0.6099382381613008,
        "std": 1.1702778228589004e-16,
        "n_seeds": 10
      },
      "auc_roc": {
        "mean": 0.7368355490532835,
        "std": 1.1702778228589004e-16,
        "n_seeds": 10
      },
      "f1": {
        "mean": 0.6079999999999999,
        "std": 1.1702778228589004e-16,
        "n_seeds": 10
      },
      "auc_pr_ci95_seed0": [
        0.5743898143959875,
        0.6476325527528284
      ]
    },
    "M3_gbdt_tabular": {
      "auc_pr": {
        "mean": 0.6344664361762079,
        "std": 0.005212116090127425,
        "n_seeds": 10
      },
      "auc_roc": {
        "mean": 0.7376134363802134,
        "std": 0.003157306526626815,
        "n_seeds": 10
      },
      "f1": {
        "mean": 0.5997778444987977,
        "std": 0.004976617116866825,
        "n_seeds": 10
      },
      "auc_pr_ci95_seed0": [
        0.5965029165849743,
        0.6674546429933298
      ]
    },
    "M4_logit_tfidf": {
      "auc_pr": {
        "mean": 0.4803300191824948,
        "std": 0.0,
        "n_seeds": 10
      },
      "auc_roc": {
        "mean": 0.6409809243121373,
        "std": 1.1702778228589004e-16,
        "n_seeds": 10
      },
      "f1": {
        "mean": 0.5478977026441265,
        "std": 0.0,
        "n_seeds": 10
      },
      "auc_pr_ci95_seed0": [
        0.44721941734974596,
        0.5159679633718977
      ]
    },
    "M5_gbdt_nfa": {
      "auc_pr": {
        "mean": 0.6437002643113312,
        "std": 0.005976886443864296,
        "n_seeds": 10
      },
      "auc_roc": {
        "mean": 0.7463911063757607,
        "std": 0.0028590745589713654,
        "n_seeds": 10
      },
      "f1": {
        "mean": 0.6008337909622218,
        "std": 0.004257172788973171,
        "n_seeds": 10
      },
      "auc_pr_ci95_seed0": [
        0.6106541247973954,
        0.6797593257688189
      ]
    }
  },
  "per_seed": {
    "M0_prior": [
      {
        "auc_pr": 0.35888187556357076,
        "auc_roc": 0.5,
        "base_rate": 0.35888187556357076
      },
      {
        "auc_pr": 0.35888187556357076,
        "auc_roc": 0.5,
        "base_rate": 0.35888187556357076
      },
      {
        "auc_pr": 0.35888187556357076,
        "auc_roc": 0.5,
        "base_rate": 0.35888187556357076
      },
      {
        "auc_pr": 0.35888187556357076,
        "auc_roc": 0.5,
        "base_rate": 0.35888187556357076
      },
      {
        "auc_pr": 0.35888187556357076,
        "auc_roc": 0.5,
        "base_rate": 0.35888187556357076
      },
      {
        "auc_pr": 0.35888187556357076,
        "auc_roc": 0.5,
        "base_rate": 0.35888187556357076
      },
      {
        "auc_pr": 0.35888187556357076,
        "auc_roc": 0.5,
        "base_rate": 0.35888187556357076
      },
      {
        "auc_pr": 0.35888187556357076,
        "auc_roc": 0.5,
        "base_rate": 0.35888187556357076
      },
      {
        "auc_pr": 0.35888187556357076,
        "auc_roc": 0.5,
        "base_rate": 0.35888187556357076
      },
      {
        "auc_pr": 0.35888187556357076,
        "auc_roc": 0.5,
        "base_rate": 0.35888187556357076
      }
    ],
    "M1_logit_overlap": [
      {
        "auc_pr": 0.5460004830297147,
        "auc_roc": 0.7123773756263738,
        "base_rate": 0.35888187556357076,
        "f1": 0.5819601040763227,
        "threshold": 0.26604956528011336,
        "auc_pr_ci95": [
          0.5123395980700384,
          0.5798538623537494
        ]
      },
      {
        "auc_pr": 0.5460004830297147,
        "auc_roc": 0.7123773756263738,
        "base_rate": 0.35888187556357076,
        "f1": 0.5819601040763227,
        "threshold": 0.26604956528011336
      },
      {
        "auc_pr": 0.5460004830297147,
        "auc_roc": 0.7123773756263738,
        "base_rate": 0.35888187556357076,
        "f1": 0.5819601040763227,
        "threshold": 0.26604956528011336
      },
      {
        "auc_pr": 0.5460004830297147,
        "auc_roc": 0.7123773756263738,
        "base_rate": 0.35888187556357076,
        "f1": 0.5819601040763227,
        "threshold": 0.26604956528011336
      },
      {
        "auc_pr": 0.5460004830297147,
        "auc_roc": 0.7123773756263738,
        "base_rate": 0.35888187556357076,
        "f1": 0.5819601040763227,
        "threshold": 0.26604956528011336
      },
      {
        "auc_pr": 0.5460004830297147,
        "auc_roc": 0.7123773756263738,
        "base_rate": 0.35888187556357076,
        "f1": 0.5819601040763227,
        "threshold": 0.26604956528011336
      },
      {
        "auc_pr": 0.5460004830297147,
        "auc_roc": 0.7123773756263738,
        "base_rate": 0.35888187556357076,
        "f1": 0.5819601040763227,
        "threshold": 0.26604956528011336
      },
      {
        "auc_pr": 0.5460004830297147,
        "auc_roc": 0.7123773756263738,
        "base_rate": 0.35888187556357076,
        "f1": 0.5819601040763227,
        "threshold": 0.26604956528011336
      },
      {
        "auc_pr": 0.5460004830297147,
        "auc_roc": 0.7123773756263738,
        "base_rate": 0.35888187556357076,
        "f1": 0.5819601040763227,
        "threshold": 0.26604956528011336
      },
      {
        "auc_pr": 0.5460004830297147,
        "auc_roc": 0.7123773756263738,
        "base_rate": 0.35888187556357076,
        "f1": 0.5819601040763227,
        "threshold": 0.26604956528011336
      }
    ],
    "M2_logit_tabular": [
      {
        "auc_pr": 0.6099382381613007,
        "auc_roc": 0.7368355490532834,
        "base_rate": 0.35888187556357076,
        "f1": 0.608,
        "threshold": 0.3065730459125741,
        "auc_pr_ci95": [
          0.5743898143959875,
          0.6476325527528284
        ]
      },
      {
        "auc_pr": 0.6099382381613007,
        "auc_roc": 0.7368355490532834,
        "base_rate": 0.35888187556357076,
        "f1": 0.608,
        "threshold": 0.3065730459125741
      },
      {
        "auc_pr": 0.6099382381613007,
        "auc_roc": 0.7368355490532834,
        "base_rate": 0.35888187556357076,
        "f1": 0.608,
        "threshold": 0.3065730459125741
      },
      {
        "auc_pr": 0.6099382381613007,
        "auc_roc": 0.7368355490532834,
        "base_rate": 0.35888187556357076,
        "f1": 0.608,
        "threshold": 0.3065730459125741
      },
      {
        "auc_pr": 0.6099382381613007,
        "auc_roc": 0.7368355490532834,
        "base_rate": 0.35888187556357076,
        "f1": 0.608,
        "threshold": 0.3065730459125741
      },
      {
        "auc_pr": 0.6099382381613007,
        "auc_roc": 0.7368355490532834,
        "base_rate": 0.35888187556357076,
        "f1": 0.608,
        "threshold": 0.3065730459125741
      },
      {
        "auc_pr": 0.6099382381613007,
        "auc_roc": 0.7368355490532834,
        "base_rate": 0.35888187556357076,
        "f1": 0.608,
        "threshold": 0.3065730459125741
      },
      {
        "auc_pr": 0.6099382381613007,
        "auc_roc": 0.7368355490532834,
        "base_rate": 0.35888187556357076,
        "f1": 0.608,