{
  "experiment": "E6_innovation_premium",
  "n": 11809,
  "primary_outcome": {
    "late_cite_pct_mean": {
      "1_raw": {
        "coef": 0.0033,
        "se": 0.0012,
        "p": 0.00556,
        "n": 11809,
        "r2": 0.0008
      },
      "2_controls": {
        "coef": 0.0038,
        "se": 0.0014,
        "p": 0.00655,
        "n": 11809,
        "r2": 0.0136
      },
      "3_controls_FE": {
        "coef": 0.0041,
        "se": 0.0014,
        "p": 0.00368,
        "n": 11809,
        "r2": 0.0249
      },
      "4_structural_FE": {
        "coef": 0.0001,
        "se": 0.0021,
        "p": 0.95175,
        "n": 11809,
        "r2": 0.0241
      }
    }
  },
  "legacy_outcome": {
    "h_index_full_career": {
      "1_raw": {
        "coef": -1.8108,
        "se": 0.1991,
        "p": 0.0,
        "n": 11809,
        "r2": 0.0086
      },
      "2_controls": {
        "coef": -0.3561,
        "se": 0.2313,
        "p": 0.12362,
        "n": 11809,
        "r2": 0.1377
      },
      "3_controls_FE": {
        "coef": -0.2961,
        "se": 0.2014,
        "p": 0.1414,
        "n": 11809,
        "r2": 0.3539
      },
      "4_structural_FE": {
        "coef": -0.4148,
        "se": 0.2504,
        "p": 0.09759,
        "n": 11809,
        "r2": 0.3539
      }
    }
  },
  "nonlinearity": {
    "late_cite_pct_mean": {
      "(-5.585, -0.907]": {
        "mean": 0.4981,
        "sem": 0.0022,
        "n": 2771
      },
      "(-0.907, -0.322]": {
        "mean": 0.4939,
        "sem": 0.0024,
        "n": 2171
      },
      "(-0.322, 0.193]": {
        "mean": 0.5,
        "sem": 0.0024,
        "n": 2364
      },
      "(0.193, 1.019]": {
        "mean": 0.5027,
        "sem": 0.0025,
        "n": 2226
      },
      "(1.019, 1.431]": {
        "mean": 0.5101,
        "sem": 0.0026,
        "n": 2277
      }
    }
  },
  "verdict": "Innovation Premium SUPPORTED with FE (positive divergence coefficient)"
}