{
  "experiment": "E12_corrected_vs_M5",
  "field": "math",
  "run": "third (canonical)",
  "seeds": [
    0,
    1,
    2,
    3,
    4,
    5,
    6,
    7,
    8,
    9
  ],
  "n_test": 935,
  "ceilings": {
    "M5_preregistered": 0.398,
    "M5_prime_val_symmetric": 0.4357,
    "maxM2M3_naive": 0.4079,
    "M3_prime_val_symmetric": 0.4125,
    "per_seed": {
      "M5_preregistered": [
        0.3968,
        0.3934,
        0.3822,
        0.4244,
        0.3824,
        0.3989,
        0.4074,
        0.3721,
        0.4131,
        0.409
      ],
      "M5_prime_val_symmetric": [
        0.4357,
        0.4357,
        0.4357,
        0.4357,
        0.4357,
        0.4357,
        0.4357,
        0.4357,
        0.4357,
        0.4357
      ],
      "maxM2M3_naive": [
        0.4109,
        0.4055,
        0.4055,
        0.4055,
        0.4055,
        0.4055,
        0.4055,
        0.4055,
        0.4248,
        0.4055
      ],
      "M3_prime_val_symmetric": [
        0.4125,
        0.4125,
        0.4125,
        0.4125,
        0.4125,
        0.4125,
        0.4125,
        0.4125,
        0.4125,
        0.4125
      ]
    },
    "M5_prime_selected_iters": [
      16,
      16,
      16,
      16,
      16,
      16,
      16,
      16,
      16,
      16
    ],
    "M5_refit_vs_e1_stored_max_abs_dev": 0.0
  },
  "models": {
    "hgt": {
      "n_seeds": 10,
      "seed_mean_auc_pr": 0.3894,
      "seed_std_auc_pr": 0.0113,
      "delta_vs_M5": -0.0085,
      "p_raw_M5": 0.322265625,
      "p_adj_M5": 0.322266,
      "delta_vs_M5prime": -0.0463,
      "p_raw_M5prime": 0.001953125,
      "p_adj_M5prime": 0.001953,
      "secondary_delta_vs_maxM2M3": -0.0185,
      "secondary_p_raw_maxM2M3": 0.00390625,
      "secondary_p_adj_maxM2M3": 0.005208,
      "bootstrap": {
        "level": "student",
        "n_boot": 2000,
        "seed_scope": "all 10 seeds; per-seed CIs listed, pooled CI = per-draw mean over seeds of the paired difference",
        "vs_M5": {
          "pooled_ci95": [
            -0.0529,
            0.0339
          ],
          "per_seed_ci95": [
            [
              -0.0585,
              0.0504
            ],
            [
              -0.0473,
              0.0619
            ],
            [
              -0.0537,
              0.0549
            ],
            [
              -0.0982,
              0.0125
            ],
            [
              -0.0518,
              0.0556
            ],
            [
              -0.0603,
              0.0485
            ],
            [
              -0.0905,
              0.0188
            ],
            [
              -0.0484,
              0.0564
            ],
            [
              -0.0715,
              0.0385
            ],
            [
              -0.0689,
              0.0486
            ]
          ]
        },
        "vs_M5prime": {
          "pooled_ci95": [
            -0.0976,
            0.0037
          ],
          "per_seed_ci95": [
            [
              -0.0976,
              0.0141
            ],
            [
              -0.0878,
              0.028
            ],
            [
              -0.1051,
              0.0073
            ],
            [
              -0.1125,
              -0.0003
            ],
            [
              -0.1068,
              0.004
            ],
            [
              -0.0981,
              0.0124
            ],
            [
              -0.1214,
              -0.0041
            ],
            [
              -0.1141,
              -0.0044
            ],
            [
              -0.0936,
              0.0157
            ],
            [
              -0.0887,
              0.0186
            ]
          ]
        },
        "ci95": [
          -0.0976,
          0.0037
        ]
      },
      "gates_preregistered": {
        "seed_mean_gt_ceiling": false,
        "p_adj_lt_0.05": false,
        "student_ci_lower_gt_0": false
      },
      "gates_fair": {
        "seed_mean_gt_ceiling": false,
        "p_adj_lt_0.05": true,
        "student_ci_lower_gt_0": false
      },
      "exceeds_preregistered": false,
      "exceeds_fair": false
    },
    "hgt_tuned": {
      "n_seeds": 10,
      "seed_mean_auc_pr": 0.3518,
      "seed_std_auc_pr": 0.0121,
      "delta_vs_M5": -0.0461,
      "p_raw_M5": 0.001953125,
      "p_adj_M5": 0.003906,
      "delta_vs_M5prime": -0.0838,
      "p_raw_M5prime": 0.001953125,
      "p_adj_M5prime": 0.001953,
      "secondary_delta_vs_maxM2M3": -0.0561,
      "secondary_p_raw_maxM2M3": 0.001953125,
      "secondary_p_adj_maxM2M3": 0.003906,
      "bootstrap": {
        "level": "student",
        "n_boot": 2000,
        "seed_scope": "all 10 seeds; per-seed CIs listed, pooled CI = per-draw mean over seeds of the paired difference",
        "vs_M5": {
          "pooled_ci95": [
            -0.0934,
            -0.0009
          ],
          "per_seed_ci95": [
            [
              -0.1072,
              0.0069
            ],
            [
              -0.1137,
              -0.003
            ],
            [
              -0.0835,
              0.0233
            ],
            [
              -0.1145,
              -0.0019
            ],
            [
              -0.0994,
              0.0133
            ],
            [
              -0.0886,
              0.0233
            ],
            [
              -0.1144,
              0.0005
            ],
            [
              -0.0881,
              0.0241
            ],
            [
              -0.1247,
              -0.0144
            ],
            [
              -0.0998,
              0.017
            ]
          ]
        },
        "vs_M5prime": {
          "pooled_ci95": [
            -0.1371,
            -0.0297
          ],
          "per_seed_ci95": [
            [
              -0.1449,
              -0.0327
            ],
            [
              -0.1529,
              -0.0404
            ],
            [
              -0.1363,
              -0.022
            ],
            [
              -0.1284,
              -0.0168
            ],
            [
              -0.1485,
              -0.0351
            ],
            [
              -0.1212,
              -0.0128
            ],
            [
              -0.1376,
              -0.0273
            ],
            [
              -0.1519,
              -0.0362
            ],
            [
              -0.1478,
              -0.0346
            ],
            [
              -0.119,
              -0.0089
            ]
          ]
        },
        "ci95": [
          -0.1371,
          -0.0297
        ]
      },
      "gates_preregistered": {
        "seed_mean_gt_ceiling": false,
        "p_adj_lt_0.05": true,
        "student_ci_lower_gt_0": false
      },
      "gates_fair": {
        "seed_mean_gt_ceiling": false,
        "p_adj_lt_0.05": true,
        "student_ci_lower_gt_0": false
      },
      "exceeds_preregistered": false,
      "exceeds_fair": false
    },
    "rgcn": {
      "n_seeds": 10,
      "seed_mean_auc_pr": 0.4051,
      "seed_std_auc_pr": 0.0172,
      "delta_vs_M5": 0.0072,
      "p_raw_M5": 0.10546875,
      "p_adj_M5": 0.140625,
      "delta_vs_M5prime": -0.0306,
      "p_raw_M5prime": 0.001953125,
      "p_adj_M5prime": 0.001953,
      "secondary_delta_vs_maxM2M3": -0.0028,
      "secondary_p_raw_maxM2M3": 0.76953125,
      "secondary_p_adj_maxM2M3": 0.769531,
      "bootstrap": {
        "level": "student",
        "n_boot": 2000,
        "seed_scope": "all 10 seeds; per-seed CIs listed, pooled CI = per-draw mean over seeds of the paired difference",
        "vs_M5": {
          "pooled_ci95": [
            -0.0302,
            0.0432
          ],