{
  "experiment": "E14_self_persistence",
  "seeds": [
    0,
    1,
    2,
    3,
    4,
    5,
    6,
    7,
    8,
    9
  ],
  "n": 5051,
  "works_store": "C:\\Users\\lixin\\Desktop\\Economic Network\\suite_data\\math\\build\\cache\\works_store.jsonl",
  "a_student_only_ladder": {
    "summary": {
      "M1_ref_logit_overlap": {
        "auc_pr": {
          "mean": 0.3824780730870349,
          "std": 0.0,
          "n_seeds": 1
        },
        "auc_roc": {
          "mean": 0.7270615078536945,
          "std": 0.0,
          "n_seeds": 1
        },
        "f1": {
          "mean": 0.44228094575799726,
          "std": 0.0,
          "n_seeds": 1
        }
      },
      "M0_prior": {
        "auc_pr": {
          "mean": 0.20748663101604278,
          "std": 0.0,
          "n_seeds": 1
        },
        "auc_roc": {
          "mean": 0.5,
          "std": 0.0,
          "n_seeds": 1
        }
      },
      "M1s_typicality": {
        "auc_pr": {
          "mean": 0.2351553883126681,
          "std": 2.925694557147251e-17,
          "n_seeds": 10
        },
        "auc_roc": {
          "mean": 0.5568436356553557,
          "std": 0.0,
          "n_seeds": 10
        },
        "f1": {
          "mean": 0.34366696191319746,
          "std": 5.851389114294502e-17,
          "n_seeds": 10
        }
      },
      "M1s_scalars": {
        "auc_pr": {
          "mean": 0.2738355240280665,
          "std": 5.851389114294502e-17,
          "n_seeds": 10
        },
        "auc_roc": {
          "mean": 0.589837500173908,
          "std": 1.1702778228589004e-16,
          "n_seeds": 10
        },
        "f1": {
          "mean": 0.34359805510534835,
          "std": 0.0,
          "n_seeds": 10
        }
      },
      "M4s_tfidf": {
        "auc_pr": {
          "mean": 0.2518959487405369,
          "std": 0.0,
          "n_seeds": 10
        },
        "auc_roc": {
          "mean": 0.5711632371968779,
          "std": 1.1702778228589004e-16,
          "n_seeds": 10
        },
        "f1": {
          "mean": 0.34433541480820695,
          "std": 0.0,
          "n_seeds": 10
        }
      },
      "M3s_gbdt": {
        "auc_pr": {
          "mean": 0.30852129563306,
          "std": 0.014538446705954765,
          "n_seeds": 10
        },
        "auc_roc": {
          "mean": 0.6011961406291304,
          "std": 0.006404012206501564,
          "n_seeds": 10
        },
        "f1": {
          "mean": 0.35586820596813534,
          "std": 0.008791843368108619,
          "n_seeds": 10
        }
      }
    },
    "per_seed": {
      "M1_ref_logit_overlap": [
        {
          "auc_pr": 0.3824780730870349,
          "auc_roc": 0.7270615078536945,
          "base_rate": 0.20748663101604278,
          "f1": 0.44228094575799726,
          "threshold": 0.17254180724672177
        }
      ],
      "M0_prior": [
        {
          "auc_pr": 0.20748663101604278,
          "auc_roc": 0.5,
          "base_rate": 0.20748663101604278
        }
      ],
      "M1s_typicality": [
        {
          "auc_pr": 0.23515538831266813,
          "auc_roc": 0.5568436356553557,
          "base_rate": 0.20748663101604278,
          "f1": 0.3436669619131975,
          "threshold": 0.17628728927410814
        },
        {
          "auc_pr": 0.23515538831266813,
          "auc_roc": 0.5568436356553557,
          "base_rate": 0.20748663101604278,
          "f1": 0.3436669619131975,
          "threshold": 0.17628728927410814
        },
        {
          "auc_pr": 0.23515538831266813,
          "auc_roc": 0.5568436356553557,
          "base_rate": 0.20748663101604278,
          "f1": 0.3436669619131975,
          "threshold": 0.17628728927410814
        },
        {
          "auc_pr": 0.23515538831266813,
          "auc_roc": 0.5568436356553557,
          "base_rate": 0.20748663101604278,
          "f1": 0.3436669619131975,
          "threshold": 0.17628728927410814
        },
        {
          "auc_pr": 0.23515538831266813,
          "auc_roc": 0.5568436356553557,
          "base_rate": 0.20748663101604278,
          "f1": 0.3436669619131975,
          "threshold": 0.17628728927410814
        },
        {
          "auc_pr": 0.23515538831266813,
          "auc_roc": 0.5568436356553557,
          "base_rate": 0.20748663101604278,
          "f1": 0.3436669619131975,
          "threshold": 0.17628728927410814
        },
        {
          "auc_pr": 0.23515538831266813,
          "auc_roc": 0.5568436356553557,
          "base_rate": 0.20748663101604278,
          "f1": 0.3436669619131975,
          "threshold": 0.17628728927410814
        },
        {
          "auc_pr": 0.23515538831266813,
          "auc_roc": 0.5568436356553557,
          "base_rate": 0.20748663101604278,
          "f1": 0.3436669619131975,
          "threshold": 0.17628728927410814
        },
        {
          "auc_pr": 0.23515538831266813,
          "auc_roc": 0.5568436356553557,
          "base_rate": 0.20748663101604278,
          "f1": 0.3436669619131975,
          "threshold": 0.17628728927410814
        },
        {
          "auc_pr": 0.23515538831266813,
          "auc_roc": 0.5568436356553557,
          "base_rate": 0.20748663101604278,
          "f1": 0.3436669619131975,
          "threshold": 0.17628728927410814
        }
      ],
      "M1s_scalars": [
        {
          "auc_pr": 0.27383552402806655,
          "auc_roc": 0.5898375001739081,
          "base_rate": 0.20748663101604278,
          "f1": 0.34359805510534835,
          "threshold": 0.19879387484855493
        },
        {
          "auc_pr": 0.27383552402806655,
          "auc_roc": 0.5898375001739081,
          "base_rate": 0.20748663101604278,
          "f1": 0.34359805510534835,
          "threshold": 0.19879387484855493
        },
        {
          "auc_pr": 0.27383552402806655,
          "auc_roc": 0.5898375001739081,
          "base_rate": 0.20748663101604278,
          "f1": 0.34359805510534835,
          "threshold": 0.19879387484855493
        },
        {
          "auc_pr": 0.27383552402806655,
          "auc_roc": 0.5898375001739081,
          "base_rate": 0.20748663101604278,
          "f1": 0.34359805510534835,
          "threshold": 0.19879387484855493
        },
        {
          "auc_pr": 0.27383552402806655,
          "auc_roc": 0.5898375001739081,
          "base_rate": 0.20748663101604278,
          "f1": 0.34359805510534835,
          "threshold": 0.19879387484855493
        },
        {
          "auc_pr": 0.27383552402806655,
          "auc_roc": 0.5898375001739081,
          "base_rate": 0.20748663101604278,
          "f1": 0.34359805510534835,
          "threshold": 0.19879387484855493
        },
        {
          "auc_pr": 0.27383552402806655,
          "auc_roc": 0.5898375001739081,
          "base_rate": 0.20748663101604278,
          "f1": 0.34359805510534835,
          "threshold": 0.19879387484855493
        },
        {
          "auc_pr": 0.27383552402806655,
          "auc_roc": 0.5898375001739081,
          "base_rate": 0.20748663101604278,
          "f1": 0.34359805510534835,
          "threshold": 0.19879387484855493
        },
        {
          "auc_pr": 0.27383552402806655,
          "auc_roc": 0.5898375001739081,
          "base_rate": 0.20748663101604278,
          "f1": 0.34359805510534835,
          "threshold": 0.19879387484855493
        },
        {
          "auc_pr": 0.27383552402806655,
          "auc_roc": 0.5898375001739081,
          "base_rate": 0.20748663101604278,
          "f1": 0.34359805510534835,
          "threshold": 0.19879387484855493
        }
      ],
      "M4s_tfidf": [
        {
          "auc_pr": 0.2518959487405369,
          "auc_roc": 0.571163237196878,
          "base_rate": 0.20748663101604278,
          "f1": 0.34433541480820695,
          "threshold": 9.100212646119603e-14
        },
        {
          "auc_pr": 0.2518959487405369,
          "auc_roc": 0.571163237196878,
          "base_rate": 0.20748663101604278,