{
  "experiment": "E1_baselines",
  "split": "temporal",
  "seeds": [
    0,
    1,
    2,
    3,
    4,
    5,
    6,
    7,
    8,
    9
  ],
  "summary": {
    "M0_prior": {
      "auc_pr": {
        "mean": 0.20748663101604276,
        "std": 2.925694557147251e-17,
        "n_seeds": 10
      },
      "auc_roc": {
        "mean": 0.5,
        "std": 0.0,
        "n_seeds": 10
      }
    },
    "M1_logit_overlap": {
      "auc_pr": {
        "mean": 0.3824780730870349,
        "std": 0.0,
        "n_seeds": 10
      },
      "auc_roc": {
        "mean": 0.7270615078536944,
        "std": 1.1702778228589004e-16,
        "n_seeds": 10
      },
      "f1": {
        "mean": 0.4422809457579973,
        "std": 5.851389114294502e-17,
        "n_seeds": 10
      },
      "auc_pr_ci95_seed0": [
        0.32821240280229597,
        0.4478452799497014
      ]
    },
    "M2_logit_tabular": {
      "auc_pr": {
        "mean": 0.40546338600451415,
        "std": 5.851389114294502e-17,
        "n_seeds": 10
      },
      "auc_roc": {
        "mean": 0.7163974567664205,
        "std": 1.1702778228589004e-16,
        "n_seeds": 10
      },
      "f1": {
        "mean": 0.425595238095238,
        "std": 5.851389114294502e-17,
        "n_seeds": 10
      },
      "auc_pr_ci95_seed0": [
        0.34471095088762677,
        0.4819435745080346
      ]
    },
    "M3_gbdt_tabular": {
      "auc_pr": {
        "mean": 0.39744278450155607,
        "std": 0.01242365604021749,
        "n_seeds": 10
      },
      "auc_roc": {
        "mean": 0.7138893526441004,
        "std": 0.006557962233984667,
        "n_seeds": 10
      },
      "f1": {
        "mean": 0.43198808989090837,
        "std": 0.007012910131535465,
        "n_seeds": 10
      },
      "auc_pr_ci95_seed0": [
        0.35110150636405624,
        0.48032530490540426
      ]
    },
    "M4_logit_tfidf": {
      "auc_pr": {
        "mean": 0.2756123863709082,
        "std": 5.851389114294502e-17,
        "n_seeds": 10
      },
      "auc_roc": {
        "mean": 0.6066474672009126,
        "std": 1.1702778228589004e-16,
        "n_seeds": 10
      },
      "f1": {
        "mean": 0.36322869955156944,
        "std": 0.0,
        "n_seeds": 10
      },
      "auc_pr_ci95_seed0": [
        0.23262001059856943,
        0.33035374847223925
      ]
    },
    "M5_gbdt_nfa": {
      "auc_pr": {
        "mean": 0.39795896926636354,
        "std": 0.016061120272242727,
        "n_seeds": 10
      },
      "auc_roc": {
        "mean": 0.7222567719854751,
        "std": 0.011589458139821133,
        "n_seeds": 10
      },
      "f1": {
        "mean": 0.4344716328526991,
        "std": 0.015420848412257201,
        "n_seeds": 10
      },
      "auc_pr_ci95_seed0": [
        0.33636969353934154,
        0.4676943172975374
      ]
    }
  },
  "per_seed": {
    "M0_prior": [
      {
        "auc_pr": 0.20748663101604278,
        "auc_roc": 0.5,
        "base_rate": 0.20748663101604278
      },
      {
        "auc_pr": 0.20748663101604278,
        "auc_roc": 0.5,
        "base_rate": 0.20748663101604278
      },
      {
        "auc_pr": 0.20748663101604278,
        "auc_roc": 0.5,
        "base_rate": 0.20748663101604278
      },
      {
        "auc_pr": 0.20748663101604278,
        "auc_roc": 0.5,
        "base_rate": 0.20748663101604278
      },
      {
        "auc_pr": 0.20748663101604278,
        "auc_roc": 0.5,
        "base_rate": 0.20748663101604278
      },
      {
        "auc_pr": 0.20748663101604278,
        "auc_roc": 0.5,
        "base_rate": 0.20748663101604278
      },
      {
        "auc_pr": 0.20748663101604278,
        "auc_roc": 0.5,
        "base_rate": 0.20748663101604278
      },
      {
        "auc_pr": 0.20748663101604278,
        "auc_roc": 0.5,
        "base_rate": 0.20748663101604278
      },
      {
        "auc_pr": 0.20748663101604278,
        "auc_roc": 0.5,
        "base_rate": 0.20748663101604278
      },
      {
        "auc_pr": 0.20748663101604278,
        "auc_roc": 0.5,
        "base_rate": 0.20748663101604278
      }
    ],
    "M1_logit_overlap": [
      {
        "auc_pr": 0.3824780730870349,
        "auc_roc": 0.7270615078536945,
        "base_rate": 0.20748663101604278,
        "f1": 0.44228094575799726,
        "threshold": 0.17254180724672177,
        "auc_pr_ci95": [
          0.32821240280229597,
          0.4478452799497014
        ]
      },
      {
        "auc_pr": 0.3824780730870349,
        "auc_roc": 0.7270615078536945,
        "base_rate": 0.20748663101604278,
        "f1": 0.44228094575799726,
        "threshold": 0.17254180724672177
      },
      {
        "auc_pr": 0.3824780730870349,
        "auc_roc": 0.7270615078536945,
        "base_rate": 0.20748663101604278,
        "f1": 0.44228094575799726,
        "threshold": 0.17254180724672177
      },
      {
        "auc_pr": 0.3824780730870349,
        "auc_roc": 0.7270615078536945,
        "base_rate": 0.20748663101604278,
        "f1": 0.44228094575799726,
        "threshold": 0.17254180724672177
      },
      {
        "auc_pr": 0.3824780730870349,
        "auc_roc": 0.7270615078536945,
        "base_rate": 0.20748663101604278,
        "f1": 0.44228094575799726,
        "threshold": 0.17254180724672177
      },
      {
        "auc_pr": 0.3824780730870349,
        "auc_roc": 0.7270615078536945,
        "base_rate": 0.20748663101604278,
        "f1": 0.44228094575799726,
        "threshold": 0.17254180724672177
      },
      {
        "auc_pr": 0.3824780730870349,
        "auc_roc": 0.7270615078536945,
        "base_rate": 0.20748663101604278,
        "f1": 0.44228094575799726,
        "threshold": 0.17254180724672177
      },
      {
        "auc_pr": 0.3824780730870349,
        "auc_roc": 0.7270615078536945,
        "base_rate": 0.20748663101604278,
        "f1": 0.44228094575799726,
        "threshold": 0.17254180724672177
      },
      {
        "auc_pr": 0.3824780730870349,
        "auc_roc": 0.7270615078536945,
        "base_rate": 0.20748663101604278,
        "f1": 0.44228094575799726,
        "threshold": 0.17254180724672177
      },
      {
        "auc_pr": 0.3824780730870349,
        "auc_roc": 0.7270615078536945,
        "base_rate": 0.20748663101604278,
        "f1": 0.44228094575799726,
        "threshold": 0.17254180724672177
      }
    ],
    "M2_logit_tabular": [
      {
        "auc_pr": 0.4054633860045142,
        "auc_roc": 0.7163974567664204,
        "base_rate": 0.20748663101604278,
        "f1": 0.4255952380952381,
        "threshold": 0.20418285200778902,
        "auc_pr_ci95": [
          0.34471095088762677,
          0.4819435745080346
        ]
      },
      {
        "auc_pr": 0.4054633860045142,
        "auc_roc": 0.7163974567664204,
        "base_rate": 0.20748663101604278,
        "f1": 0.4255952380952381,
        "threshold": 0.20418285200778902
      },
      {
        "auc_pr": 0.4054633860045142,
        "auc_roc": 0.7163974567664204,
        "base_rate": 0.20748663101604278,
        "f1": 0.4255952380952381,
        "threshold": 0.20418285200778902
      },
      {
        "auc_pr": 0.4054633860045142,
        "auc_roc": 0.7163974567664204,
        "base_rate": 0.20748663101604278,
        "f1": 0.4255952380952381,
        "threshold": 0.20418285200778902
      },
      {
        "auc_pr": 0.4054633860045142,
        "auc_roc": 0.7163974567664204,
        "base_rate": 0.20748663101604278,
        "f1": 0.4255952380952381,
        "threshold": 0.20418285200778902
      },
      {
        "auc_pr": 0.4054633860045142,
        "auc_roc": 0.7163974567664204,
        "base_rate": 0.20748663101604278,
        "f1": 0.4255952380952381,
        "threshold": 0.20418285200778902
      },
      {
        "auc_pr": 0.4054633860045142,
        "auc_roc": 0.7163974567664204,
        "base_rate": 0.20748663101604278,
        "f1": 0.4255952380952381,
        "threshold": 0.20418285200778902
      },
      {
        "auc_pr": 0.4054633860045142,