{
  "experiment": "E6_innovation_premium",
  "n": 5051,
  "primary_outcome": {
    "late_cite_pct_mean": {
      "1_raw": {
        "coef": 0.0069,
        "se": 0.0019,
        "p": 0.00022,
        "n": 5051,
        "r2": 0.0028
      },
      "2_controls": {
        "coef": 0.0054,
        "se": 0.002,
        "p": 0.00762,
        "n": 5051,
        "r2": 0.0428
      },
      "3_controls_FE": {
        "coef": 0.0053,
        "se": 0.002,
        "p": 0.00828,
        "n": 5051,
        "r2": 0.0639
      },
      "4_structural_FE": {
        "coef": 0.0012,
        "se": 0.0027,
        "p": 0.65912,
        "n": 5051,
        "r2": 0.0627
      }
    }
  },
  "legacy_outcome": {
    "h_index_full_career": {
      "1_raw": {
        "coef": 1.7047,
        "se": 0.2887,
        "p": 0.0,
        "n": 5051,
        "r2": 0.0126
      },
      "2_controls": {
        "coef": 1.1321,
        "se": 0.2844,
        "p": 7e-05,
        "n": 5051,
        "r2": 0.2242
      },
      "3_controls_FE": {
        "coef": 0.9745,
        "se": 0.2214,
        "p": 1e-05,
        "n": 5051,
        "r2": 0.3864
      },
      "4_structural_FE": {
        "coef": 0.5447,
        "se": 0.3054,
        "p": 0.07449,
        "n": 5051,
        "r2": 0.3841
      }
    }
  },
  "nonlinearity": {
    "late_cite_pct_mean": {
      "(-7.17, -0.826]": {
        "mean": 0.4781,
        "sem": 0.0035,
        "n": 1311
      },
      "(-0.826, -0.205]": {
        "mean": 0.4815,
        "sem": 0.0039,
        "n": 1052
      },
      "(-0.205, 0.348]": {
        "mean": 0.4925,
        "sem": 0.0039,
        "n": 1064
      },
      "(0.348, 0.843]": {
        "mean": 0.4939,
        "sem": 0.0042,
        "n": 971
      },
      "(0.843, 1.288]": {
        "mean": 0.4969,
        "sem": 0.0055,
        "n": 653
      }
    }
  },
  "verdict": "Innovation Premium SUPPORTED with FE (positive divergence coefficient)"
}