{
  "experiment": "E12_corrected_vs_M5",
  "field": "chemistry",
  "run": "third (canonical)",
  "seeds": [
    0,
    1,
    2,
    3,
    4,
    5,
    6,
    7,
    8,
    9
  ],
  "n_test": 4617,
  "ceilings": {
    "M5_preregistered": 0.5307,
    "M5_prime_val_symmetric": 0.5374,
    "maxM2M3_naive": 0.5349,
    "M3_prime_val_symmetric": 0.541,
    "per_seed": {
      "M5_preregistered": [
        0.5298,
        0.5324,
        0.5257,
        0.5322,
        0.5339,
        0.5278,
        0.5263,
        0.5364,
        0.5351,
        0.5275
      ],
      "M5_prime_val_symmetric": [
        0.5374,
        0.5374,
        0.5374,
        0.5374,
        0.5374,
        0.5374,
        0.5374,
        0.5374,
        0.5374,
        0.5374
      ],
      "maxM2M3_naive": [
        0.5412,
        0.5422,
        0.5319,
        0.5342,
        0.5387,
        0.5313,
        0.5328,
        0.5352,
        0.53,
        0.5313
      ],
      "M3_prime_val_symmetric": [
        0.541,
        0.541,
        0.541,
        0.541,
        0.541,
        0.541,
        0.541,
        0.541,
        0.541,
        0.541
      ]
    },
    "M5_prime_selected_iters": [
      31,
      31,
      31,
      31,
      31,
      31,
      31,
      31,
      31,
      31
    ],
    "M5_refit_vs_e1_stored_max_abs_dev": 0.0
  },
  "models": {
    "hgt": {
      "n_seeds": 10,
      "seed_mean_auc_pr": 0.5415,
      "seed_std_auc_pr": 0.0297,
      "delta_vs_M5": 0.0108,
      "p_raw_M5": 0.375,
      "p_adj_M5": 0.375,
      "delta_vs_M5prime": 0.0041,
      "p_raw_M5prime": 0.76953125,
      "p_adj_M5prime": 1.0,
      "secondary_delta_vs_maxM2M3": 0.0066,
      "secondary_p_raw_maxM2M3": 0.76953125,
      "secondary_p_adj_maxM2M3": 0.845703,
      "bootstrap": {
        "level": "student",
        "n_boot": 2000,
        "seed_scope": "all 10 seeds; per-seed CIs listed, pooled CI = per-draw mean over seeds of the paired difference",
        "vs_M5": {
          "pooled_ci95": [
            -0.0024,
            0.0234
          ],
          "per_seed_ci95": [
            [
              -0.0322,
              0.0005
            ],
            [
              0.0174,
              0.0567
            ],
            [
              0.0129,
              0.0508
            ],
            [
              0.0079,
              0.0466
            ],
            [
              -0.0123,
              0.0255
            ],
            [
              0.0162,
              0.0558
            ],
            [
              0.0215,
              0.0575
            ],
            [
              -0.0605,
              -0.0251
            ],
            [
              0.0023,
              0.0396
            ],
            [
              -0.0539,
              -0.0148
            ]
          ]
        },
        "vs_M5prime": {
          "pooled_ci95": [
            -0.0105,
            0.0173
          ],
          "per_seed_ci95": [
            [
              -0.0379,
              -0.0093
            ],
            [
              0.0132,
              0.0497
            ],
            [
              0.0015,
              0.0379
            ],
            [
              0.0034,
              0.0405
            ],
            [
              -0.0154,
              0.0211
            ],
            [
              0.0079,
              0.0454
            ],
            [
              0.0107,
              0.0452
            ],
            [
              -0.0604,
              -0.0273
            ],
            [
              -0.0006,
              0.0365
            ],
            [
              -0.0613,
              -0.0259
            ]
          ]
        },
        "ci95": [
          -0.0105,
          0.0173
        ]
      },
      "gates_preregistered": {
        "seed_mean_gt_ceiling": true,
        "p_adj_lt_0.05": false,
        "student_ci_lower_gt_0": false
      },
      "gates_fair": {
        "seed_mean_gt_ceiling": true,
        "p_adj_lt_0.05": false,
        "student_ci_lower_gt_0": false
      },
      "exceeds_preregistered": false,
      "exceeds_fair": false
    },
    "hgt_tuned": {
      "n_seeds": 10,
      "seed_mean_auc_pr": 0.5426,
      "seed_std_auc_pr": 0.0298,
      "delta_vs_M5": 0.0119,
      "p_raw_M5": 0.16015625,
      "p_adj_M5": 0.213542,
      "delta_vs_M5prime": 0.0052,
      "p_raw_M5prime": 1.0,
      "p_adj_M5prime": 1.0,
      "secondary_delta_vs_maxM2M3": 0.0077,
      "secondary_p_raw_maxM2M3": 0.845703125,
      "secondary_p_adj_maxM2M3": 0.845703,
      "bootstrap": {
        "level": "student",
        "n_boot": 2000,
        "seed_scope": "all 10 seeds; per-seed CIs listed, pooled CI = per-draw mean over seeds of the paired difference",
        "vs_M5": {
          "pooled_ci95": [
            -0.0035,
            0.0267
          ],
          "per_seed_ci95": [
            [
              0.0121,
              0.0526
            ],
            [
              0.0118,
              0.0537
            ],
            [
              0.0101,
              0.0499
            ],
            [
              -0.0477,
              -0.0044
            ],
            [
              0.0063,
              0.0456
            ],
            [
              -0.0433,
              -0.0046
            ],
            [
              0.01,
              0.0522
            ],
            [
              0.0073,
              0.044
            ],
            [
              -0.0692,
              -0.0228
            ],
            [
              0.0143,
              0.0536
            ]
          ]
        },
        "vs_M5prime": {
          "pooled_ci95": [
            -0.0109,
            0.0209
          ],
          "per_seed_ci95": [
            [
              0.0049,
              0.0448
            ],
            [
              0.0078,
              0.0467
            ],
            [
              -0.0006,
              0.0368
            ],
            [
              -0.0512,
              -0.0099
            ],
            [
              0.0031,
              0.042
            ],
            [
              -0.0508,
              -0.0161
            ],
            [
              0.0001,
              0.0399
            ],
            [
              0.0058,
              0.0421
            ],
            [
              -0.0714,
              -0.0246
            ],
            [
              0.0057,
              0.0422
            ]
          ]
        },
        "ci95": [
          -0.0109,
          0.0209
        ]
      },
      "gates_preregistered": {
        "seed_mean_gt_ceiling": true,
        "p_adj_lt_0.05": false,
        "student_ci_lower_gt_0": false
      },
      "gates_fair": {
        "seed_mean_gt_ceiling": true,
        "p_adj_lt_0.05": false,
        "student_ci_lower_gt_0": false
      },
      "exceeds_preregistered": false,
      "exceeds_fair": false
    },
    "rgcn": {
      "n_seeds": 10,
      "seed_mean_auc_pr": 0.5598,
      "seed_std_auc_pr": 0.0085,
      "delta_vs_M5": 0.0291,
      "p_raw_M5": 0.001953125,
      "p_adj_M5": 0.003906,
      "delta_vs_M5prime": 0.0224,
      "p_raw_M5prime": 0.001953125,
      "p_adj_M5prime": 0.007812,
      "secondary_delta_vs_maxM2M3": 0.0249,
      "secondary_p_raw_maxM2M3": 0.001953125,
      "secondary_p_adj_maxM2M3": 0.007812,
      "bootstrap": {
        "level": "student",
        "n_boot": 2000,
        "seed_scope": "all 10 seeds; per-seed CIs listed, pooled CI = per-draw mean over seeds of the paired difference",
        "vs_M5": {
          "pooled_ci95": [
            0.0141,
            0.0429
          ],