{
  "experiment": "E14_self_persistence",
  "seeds": [
    0,
    1,
    2,
    3,
    4,
    5,
    6,
    7,
    8,
    9
  ],
  "n": 26830,
  "works_store": "C:\\Users\\lixin\\Desktop\\Economic Network\\suite_data\\chemistry\\build\\cache\\works_store.jsonl",
  "a_student_only_ladder": {
    "summary": {
      "M1_ref_logit_overlap": {
        "auc_pr": {
          "mean": 0.4185536711890474,
          "std": 0.0,
          "n_seeds": 1
        },
        "auc_roc": {
          "mean": 0.7060142806923031,
          "std": 0.0,
          "n_seeds": 1
        },
        "f1": {
          "mean": 0.4869791666666667,
          "std": 0.0,
          "n_seeds": 1
        }
      },
      "M0_prior": {
        "auc_pr": {
          "mean": 0.24496426250812214,
          "std": 0.0,
          "n_seeds": 1
        },
        "auc_roc": {
          "mean": 0.5,
          "std": 0.0,
          "n_seeds": 1
        }
      },
      "M1s_typicality": {
        "auc_pr": {
          "mean": 0.3727751862040619,
          "std": 0.0,
          "n_seeds": 10
        },
        "auc_roc": {
          "mean": 0.6249039355603543,
          "std": 0.0,
          "n_seeds": 10
        },
        "f1": {
          "mean": 0.3935281837160752,
          "std": 0.0,
          "n_seeds": 10
        }
      },
      "M1s_scalars": {
        "auc_pr": {
          "mean": 0.4616986395237562,
          "std": 5.851389114294502e-17,
          "n_seeds": 10
        },
        "auc_roc": {
          "mean": 0.6792001909367924,
          "std": 0.0,
          "n_seeds": 10
        },
        "f1": {
          "mean": 0.4515337423312884,
          "std": 0.0,
          "n_seeds": 10
        }
      },
      "M4s_tfidf": {
        "auc_pr": {
          "mean": 0.3729598000938638,
          "std": 0.0,
          "n_seeds": 10
        },
        "auc_roc": {
          "mean": 0.6198335085954529,
          "std": 0.0,
          "n_seeds": 10
        },
        "f1": {
          "mean": 0.4095213718965958,
          "std": 0.0,
          "n_seeds": 10
        }
      },
      "M3s_gbdt": {
        "auc_pr": {
          "mean": 0.4602945227057371,
          "std": 0.006832358139716628,
          "n_seeds": 10
        },
        "auc_roc": {
          "mean": 0.6905894387198915,
          "std": 0.004800027144541397,
          "n_seeds": 10
        },
        "f1": {
          "mean": 0.45856155284408795,
          "std": 0.006195627396375666,
          "n_seeds": 10
        }
      }
    },
    "per_seed": {
      "M1_ref_logit_overlap": [
        {
          "auc_pr": 0.4185536711890474,
          "auc_roc": 0.7060142806923031,
          "base_rate": 0.24496426250812214,
          "f1": 0.4869791666666667,
          "threshold": 0.2554902564697898
        }
      ],
      "M0_prior": [
        {
          "auc_pr": 0.24496426250812214,
          "auc_roc": 0.5,
          "base_rate": 0.24496426250812214
        }
      ],
      "M1s_typicality": [
        {
          "auc_pr": 0.3727751862040619,
          "auc_roc": 0.6249039355603543,
          "base_rate": 0.24496426250812214,
          "f1": 0.3935281837160752,
          "threshold": 0.1517405924636671
        },
        {
          "auc_pr": 0.3727751862040619,
          "auc_roc": 0.6249039355603543,
          "base_rate": 0.24496426250812214,
          "f1": 0.3935281837160752,
          "threshold": 0.1517405924636671
        },
        {
          "auc_pr": 0.3727751862040619,
          "auc_roc": 0.6249039355603543,
          "base_rate": 0.24496426250812214,
          "f1": 0.3935281837160752,
          "threshold": 0.1517405924636671
        },
        {
          "auc_pr": 0.3727751862040619,
          "auc_roc": 0.6249039355603543,
          "base_rate": 0.24496426250812214,
          "f1": 0.3935281837160752,
          "threshold": 0.1517405924636671
        },
        {
          "auc_pr": 0.3727751862040619,
          "auc_roc": 0.6249039355603543,
          "base_rate": 0.24496426250812214,
          "f1": 0.3935281837160752,
          "threshold": 0.1517405924636671
        },
        {
          "auc_pr": 0.3727751862040619,
          "auc_roc": 0.6249039355603543,
          "base_rate": 0.24496426250812214,
          "f1": 0.3935281837160752,
          "threshold": 0.1517405924636671
        },
        {
          "auc_pr": 0.3727751862040619,
          "auc_roc": 0.6249039355603543,
          "base_rate": 0.24496426250812214,
          "f1": 0.3935281837160752,
          "threshold": 0.1517405924636671
        },
        {
          "auc_pr": 0.3727751862040619,
          "auc_roc": 0.6249039355603543,
          "base_rate": 0.24496426250812214,
          "f1": 0.3935281837160752,
          "threshold": 0.1517405924636671
        },
        {
          "auc_pr": 0.3727751862040619,
          "auc_roc": 0.6249039355603543,
          "base_rate": 0.24496426250812214,
          "f1": 0.3935281837160752,
          "threshold": 0.1517405924636671
        },
        {
          "auc_pr": 0.3727751862040619,
          "auc_roc": 0.6249039355603543,
          "base_rate": 0.24496426250812214,
          "f1": 0.3935281837160752,
          "threshold": 0.1517405924636671
        }
      ],
      "M1s_scalars": [
        {
          "auc_pr": 0.4616986395237563,
          "auc_roc": 0.6792001909367924,
          "base_rate": 0.24496426250812214,
          "f1": 0.4515337423312884,
          "threshold": 0.18934771219966093
        },
        {
          "auc_pr": 0.4616986395237563,
          "auc_roc": 0.6792001909367924,
          "base_rate": 0.24496426250812214,
          "f1": 0.4515337423312884,
          "threshold": 0.18934771219966093
        },
        {
          "auc_pr": 0.4616986395237563,
          "auc_roc": 0.6792001909367924,
          "base_rate": 0.24496426250812214,
          "f1": 0.4515337423312884,
          "threshold": 0.18934771219966093
        },
        {
          "auc_pr": 0.4616986395237563,
          "auc_roc": 0.6792001909367924,
          "base_rate": 0.24496426250812214,
          "f1": 0.4515337423312884,
          "threshold": 0.18934771219966093
        },
        {
          "auc_pr": 0.4616986395237563,
          "auc_roc": 0.6792001909367924,
          "base_rate": 0.24496426250812214,
          "f1": 0.4515337423312884,
          "threshold": 0.18934771219966093
        },
        {
          "auc_pr": 0.4616986395237563,
          "auc_roc": 0.6792001909367924,
          "base_rate": 0.24496426250812214,
          "f1": 0.4515337423312884,
          "threshold": 0.18934771219966093
        },
        {
          "auc_pr": 0.4616986395237563,
          "auc_roc": 0.6792001909367924,
          "base_rate": 0.24496426250812214,
          "f1": 0.4515337423312884,
          "threshold": 0.18934771219966093
        },
        {
          "auc_pr": 0.4616986395237563,
          "auc_roc": 0.6792001909367924,
          "base_rate": 0.24496426250812214,
          "f1": 0.4515337423312884,
          "threshold": 0.18934771219966093
        },
        {
          "auc_pr": 0.4616986395237563,
          "auc_roc": 0.6792001909367924,
          "base_rate": 0.24496426250812214,
          "f1": 0.4515337423312884,
          "threshold": 0.18934771219966093
        },
        {
          "auc_pr": 0.4616986395237563,
          "auc_roc": 0.6792001909367924,
          "base_rate": 0.24496426250812214,
          "f1": 0.4515337423312884,
          "threshold": 0.18934771219966093
        }
      ],
      "M4s_tfidf": [
        {
          "auc_pr": 0.3729598000938638,
          "auc_roc": 0.6198335085954529,
          "base_rate": 0.24496426250812214,
          "f1": 0.4095213718965958,
          "threshold": 0.08137701024776767
        },
        {
          "auc_pr": 0.3729598000938638,
          "auc_roc": 0.6198335085954529,
          "base_rate": 0.24496426250812214,
          "f1": 0.4095213718965958,