{
  "experiment": "E1_baselines",
  "split": "temporal",
  "seeds": [
    0,
    1,
    2,
    3,
    4,
    5,
    6,
    7,
    8,
    9
  ],
  "summary": {
    "M0_prior": {
      "auc_pr": {
        "mean": 0.24496426250812217,
        "std": 2.925694557147251e-17,
        "n_seeds": 10
      },
      "auc_roc": {
        "mean": 0.5,
        "std": 0.0,
        "n_seeds": 10
      }
    },
    "M1_logit_overlap": {
      "auc_pr": {
        "mean": 0.41855367118904746,
        "std": 5.851389114294502e-17,
        "n_seeds": 10
      },
      "auc_roc": {
        "mean": 0.7060142806923031,
        "std": 0.0,
        "n_seeds": 10
      },
      "f1": {
        "mean": 0.4869791666666667,
        "std": 0.0,
        "n_seeds": 10
      },
      "auc_pr_ci95_seed0": [
        0.39081808543017743,
        0.4462560808304693
      ]
    },
    "M2_logit_tabular": {
      "auc_pr": {
        "mean": 0.5124348759135618,
        "std": 0.0,
        "n_seeds": 10
      },
      "auc_roc": {
        "mean": 0.7297422606936524,
        "std": 0.0,
        "n_seeds": 10
      },
      "f1": {
        "mean": 0.49235772357723573,
        "std": 0.0,
        "n_seeds": 10
      },
      "auc_pr_ci95_seed0": [
        0.47981774427202534,
        0.5433629459990102
      ]
    },
    "M3_gbdt_tabular": {
      "auc_pr": {
        "mean": 0.5348903080519106,
        "std": 0.004344049122079162,
        "n_seeds": 10
      },
      "auc_roc": {
        "mean": 0.7452387927356768,
        "std": 0.002337337792181768,
        "n_seeds": 10
      },
      "f1": {
        "mean": 0.5118582413065307,
        "std": 0.005321399171327599,
        "n_seeds": 10
      },
      "auc_pr_ci95_seed0": [
        0.5091726323091685,
        0.5712175215701261
      ]
    },
    "M4_logit_tfidf": {
      "auc_pr": {
        "mean": 0.36769013393414024,
        "std": 0.0,
        "n_seeds": 10
      },
      "auc_roc": {
        "mean": 0.6498118278342624,
        "std": 0.0,
        "n_seeds": 10
      },
      "f1": {
        "mean": 0.43532727842154717,
        "std": 0.0,
        "n_seeds": 10
      },
      "auc_pr_ci95_seed0": [
        0.3428328875287311,
        0.39526065494754103
      ]
    },
    "M5_gbdt_nfa": {
      "auc_pr": {
        "mean": 0.5306930270235781,
        "std": 0.003804537675191394,
        "n_seeds": 10
      },
      "auc_roc": {
        "mean": 0.7433675842691214,
        "std": 0.002919999057535895,
        "n_seeds": 10
      },
      "f1": {
        "mean": 0.5103278173208255,
        "std": 0.008498007761906656,
        "n_seeds": 10
      },
      "auc_pr_ci95_seed0": [
        0.4979504894707399,
        0.5615739153344093
      ]
    }
  },
  "per_seed": {
    "M0_prior": [
      {
        "auc_pr": 0.24496426250812214,
        "auc_roc": 0.5,
        "base_rate": 0.24496426250812214
      },
      {
        "auc_pr": 0.24496426250812214,
        "auc_roc": 0.5,
        "base_rate": 0.24496426250812214
      },
      {
        "auc_pr": 0.24496426250812214,
        "auc_roc": 0.5,
        "base_rate": 0.24496426250812214
      },
      {
        "auc_pr": 0.24496426250812214,
        "auc_roc": 0.5,
        "base_rate": 0.24496426250812214
      },
      {
        "auc_pr": 0.24496426250812214,
        "auc_roc": 0.5,
        "base_rate": 0.24496426250812214
      },
      {
        "auc_pr": 0.24496426250812214,
        "auc_roc": 0.5,
        "base_rate": 0.24496426250812214
      },
      {
        "auc_pr": 0.24496426250812214,
        "auc_roc": 0.5,
        "base_rate": 0.24496426250812214
      },
      {
        "auc_pr": 0.24496426250812214,
        "auc_roc": 0.5,
        "base_rate": 0.24496426250812214
      },
      {
        "auc_pr": 0.24496426250812214,
        "auc_roc": 0.5,
        "base_rate": 0.24496426250812214
      },
      {
        "auc_pr": 0.24496426250812214,
        "auc_roc": 0.5,
        "base_rate": 0.24496426250812214
      }
    ],
    "M1_logit_overlap": [
      {
        "auc_pr": 0.4185536711890474,
        "auc_roc": 0.7060142806923031,
        "base_rate": 0.24496426250812214,
        "f1": 0.4869791666666667,
        "threshold": 0.2554902564697898,
        "auc_pr_ci95": [
          0.39081808543017743,
          0.4462560808304693
        ]
      },
      {
        "auc_pr": 0.4185536711890474,
        "auc_roc": 0.7060142806923031,
        "base_rate": 0.24496426250812214,
        "f1": 0.4869791666666667,
        "threshold": 0.2554902564697898
      },
      {
        "auc_pr": 0.4185536711890474,
        "auc_roc": 0.7060142806923031,
        "base_rate": 0.24496426250812214,
        "f1": 0.4869791666666667,
        "threshold": 0.2554902564697898
      },
      {
        "auc_pr": 0.4185536711890474,
        "auc_roc": 0.7060142806923031,
        "base_rate": 0.24496426250812214,
        "f1": 0.4869791666666667,
        "threshold": 0.2554902564697898
      },
      {
        "auc_pr": 0.4185536711890474,
        "auc_roc": 0.7060142806923031,
        "base_rate": 0.24496426250812214,
        "f1": 0.4869791666666667,
        "threshold": 0.2554902564697898
      },
      {
        "auc_pr": 0.4185536711890474,
        "auc_roc": 0.7060142806923031,
        "base_rate": 0.24496426250812214,
        "f1": 0.4869791666666667,
        "threshold": 0.2554902564697898
      },
      {
        "auc_pr": 0.4185536711890474,
        "auc_roc": 0.7060142806923031,
        "base_rate": 0.24496426250812214,
        "f1": 0.4869791666666667,
        "threshold": 0.2554902564697898
      },
      {
        "auc_pr": 0.4185536711890474,
        "auc_roc": 0.7060142806923031,
        "base_rate": 0.24496426250812214,
        "f1": 0.4869791666666667,
        "threshold": 0.2554902564697898
      },
      {
        "auc_pr": 0.4185536711890474,
        "auc_roc": 0.7060142806923031,
        "base_rate": 0.24496426250812214,
        "f1": 0.4869791666666667,
        "threshold": 0.2554902564697898
      },
      {
        "auc_pr": 0.4185536711890474,
        "auc_roc": 0.7060142806923031,
        "base_rate": 0.24496426250812214,
        "f1": 0.4869791666666667,
        "threshold": 0.2554902564697898
      }
    ],
    "M2_logit_tabular": [
      {
        "auc_pr": 0.5124348759135618,
        "auc_roc": 0.7297422606936524,
        "base_rate": 0.24496426250812214,
        "f1": 0.49235772357723573,
        "threshold": 0.21274703610615278,
        "auc_pr_ci95": [
          0.47981774427202534,
          0.5433629459990102
        ]
      },
      {
        "auc_pr": 0.5124348759135618,
        "auc_roc": 0.7297422606936524,
        "base_rate": 0.24496426250812214,
        "f1": 0.49235772357723573,
        "threshold": 0.21274703610615278
      },
      {
        "auc_pr": 0.5124348759135618,
        "auc_roc": 0.7297422606936524,
        "base_rate": 0.24496426250812214,
        "f1": 0.49235772357723573,
        "threshold": 0.21274703610615278
      },
      {
        "auc_pr": 0.5124348759135618,
        "auc_roc": 0.7297422606936524,
        "base_rate": 0.24496426250812214,
        "f1": 0.49235772357723573,
        "threshold": 0.21274703610615278
      },
      {
        "auc_pr": 0.5124348759135618,
        "auc_roc": 0.7297422606936524,
        "base_rate": 0.24496426250812214,
        "f1": 0.49235772357723573,
        "threshold": 0.21274703610615278
      },
      {
        "auc_pr": 0.5124348759135618,
        "auc_roc": 0.7297422606936524,
        "base_rate": 0.24496426250812214,
        "f1": 0.49235772357723573,
        "threshold": 0.21274703610615278
      },
      {
        "auc_pr": 0.5124348759135618,
        "auc_roc": 0.7297422606936524,
        "base_rate": 0.24496426250812214,
        "f1": 0.49235772357723573,
        "threshold": 0.21274703610615278
      },
      {
        "auc_pr": 0.5124348759135618,
        "auc_roc": 0.7297422606936524,
        "base_rate": 0.24496426250812214,
        "f1": 0.49235772357723573,