{
  "experiment": "E6_innovation_premium",
  "n": 26830,
  "primary_outcome": {
    "late_cite_pct_mean": {
      "1_raw": {
        "coef": 0.0035,
        "se": 0.0009,
        "p": 0.00016,
        "n": 26830,
        "r2": 0.0007
      },
      "2_controls": {
        "coef": -0.0015,
        "se": 0.001,
        "p": 0.14547,
        "n": 26830,
        "r2": 0.0481
      },
      "3_controls_FE": {
        "coef": -0.0018,
        "se": 0.001,
        "p": 0.0666,
        "n": 26830,
        "r2": 0.0585
      },
      "4_structural_FE": {
        "coef": 0.0016,
        "se": 0.0013,
        "p": 0.20924,
        "n": 26830,
        "r2": 0.0585
      }
    }
  },
  "legacy_outcome": {
    "h_index_full_career": {
      "1_raw": {
        "coef": -0.7359,
        "se": 0.1435,
        "p": 0.0,
        "n": 26830,
        "r2": 0.0014
      },
      "2_controls": {
        "coef": -0.3937,
        "se": 0.1619,
        "p": 0.01501,
        "n": 26830,
        "r2": 0.1262
      },
      "3_controls_FE": {
        "coef": -0.0817,
        "se": 0.1382,
        "p": 0.55455,
        "n": 26830,
        "r2": 0.3803
      },
      "4_structural_FE": {
        "coef": -0.5442,
        "se": 0.2297,
        "p": 0.0178,
        "n": 26830,
        "r2": 0.3807
      }
    }
  },
  "nonlinearity": {
    "late_cite_pct_mean": {
      "(-5.937, -0.602]": {
        "mean": 0.5026,
        "sem": 0.0018,
        "n": 5499
      },
      "(-0.602, 0.0546]": {
        "mean": 0.5151,
        "sem": 0.0013,
        "n": 9125
      },
      "(0.0546, 0.53]": {
        "mean": 0.5191,
        "sem": 0.0018,
        "n": 5133
      },
      "(0.53, 0.956]": {
        "mean": 0.5173,
        "sem": 0.0019,
        "n": 4772
      },
      "(0.956, 1.339]": {
        "mean": 0.4974,
        "sem": 0.0027,
        "n": 2301
      }
    }
  },
  "verdict": "raw correlation not robust to FE - report compositional explanation"
}